LIMIT;K;MEAN_ERROR;STD_ERROR;MAX_ERROR;MIN_ERROR;MEDIAN_ERROR;25th_PERCENTILE;75th_PERCENTILE;90th_PERCENTILE;95th_PERCENTILE;99th_PERCENTILE;99.99th_PERCENTILE
20;1;x;x;x;x;x;x;x;x;x;x;x
19;1;x;x;x;x;x;x;x;x;x;x;x
18;1;x;x;x;x;x;x;x;x;x;x;x
17;1;x;x;x;x;x;x;x;x;x;x;x
16;1;x;x;x;x;x;x;x;x;x;x;x
15;1;x;x;x;x;x;x;x;x;x;x;x
14;1;x;x;x;x;x;x;x;x;x;x;x
13;1;x;x;x;x;x;x;x;x;x;x;x
12;1;x;x;x;x;x;x;x;x;x;x;x
11;1;x;x;x;x;x;x;x;x;x;x;x
10;1;x;x;x;x;x;x;x;x;x;x;x
9;1;15.537023359816482;16.276556630372102;69.46666293962731;0.0;11.099441754779939;3.640349515792604;20.17978918711666;35.65155258696701;48.60324888626415;69.31001531935085;69.46509646342454
8;1;15.157315475888932;16.20757967392652;69.46666293962731;0.0;10.771418351321538;3.443292239266301;19.990128416475113;35.225285714168805;48.49644688973043;69.3054748086182;69.46505105831721
7;1;14.960268430402254;16.182792967315365;69.46666293962731;0.0;10.462256694055721;3.3348036424075294;19.895298031154336;35.07757894827752;48.44304589146355;69.30320455325187;69.46502835576355
6;1;14.960268430402254;16.182792967315365;69.46666293962731;0.0;10.462256694055721;3.3348036424075294;19.895298031154336;35.07757894827752;48.44304589146355;69.30320455325187;69.46502835576355
5;1;15.022167551146923;16.081776369831104;69.46666293962731;0.0;10.771418351321538;3.37096650802712;19.806674364742683;34.929872182386234;48.38964489319669;69.30093429788555;69.4650056532099
4;1;14.82891561617662;16.060474601554088;69.46666293962731;0.0;10.462256694055721;3.3348036424075294;19.71805069833103;34.782165416494955;48.33624389492982;69.29866404251922;69.46498295065624
3;1;14.82891561617662;16.060474601554088;69.46666293962731;0.0;10.462256694055721;3.3348036424075294;19.71805069833103;34.782165416494955;48.33624389492982;69.29866404251922;69.46498295065624
20;2;x;x;x;x;x;x;x;x;x;x;x
19;2;x;x;x;x;x;x;x;x;x;x;x
18;2;x;x;x;x;x;x;x;x;x;x;x
17;2;x;x;x;x;x;x;x;x;x;x;x
16;2;x;x;x;x;x;x;x;x;x;x;x
15;2;x;x;x;x;x;x;x;x;x;x;x
14;2;x;x;x;x;x;x;x;x;x;x;x
13;2;x;x;x;x;x;x;x;x;x;x;x
12;2;x;x;x;x;x;x;x;x;x;x;x
11;2;x;x;x;x;x;x;x;x;x;x;x
10;2;x;x;x;x;x;x;x;x;x;x;x
9;2;15.411040698044863;16.40974991425279;70.19084364904134;0.0;10.036061069324155;4.025854847916984;19.28565783076556;36.366125763810565;49.63603217526898;69.5345113392692;70.18428032594362
8;2;15.034832332499857;16.334800738258686;70.19084364904134;0.0;9.689456768086302;3.6133923677537956;19.024996182243704;36.178220143734556;49.341451398916206;69.51548721434827;70.1840900846944
7;2;14.940994354529675;16.24206172674849;70.19084364904134;0.0;9.51060827906681;3.658038122043097;18.894665357982774;36.16582827031307;49.194161010739776;69.50597515188781;70.1839949640698
6;2;14.940994354529675;16.24206172674849;70.19084364904134;0.0;9.51060827906681;3.658038122043097;18.894665357982774;36.16582827031307;49.194161010739776;69.50597515188781;70.1839949640698
5;2;15.00049014339062;16.139951802737777;70.19084364904134;0.0;9.689456768086302;3.7457613537083745;19.23142838717545;36.15343639689158;49.04687062256339;69.49646308942734;70.1838998434452
4;2;14.807527240523735;16.117695350083316;70.19084364904134;0.0;9.51060827906681;3.5687466134644943;19.119174044111226;36.14104452347009;48.899580234387;69.48695102696688;70.1838047228206
3;2;14.807527240523735;16.117695350083316;70.19084364904134;0.0;9.51060827906681;3.5687466134644943;19.119174044111226;36.14104452347009;48.899580234387;69.48695102696688;70.1838047228206
20;3;x;x;x;x;x;x;x;x;x;x;x
19;3;x;x;x;x;x;x;x;x;x;x;x
18;3;x;x;x;x;x;x;x;x;x;x;x
17;3;x;x;x;x;x;x;x;x;x;x;x
16;3;x;x;x;x;x;x;x;x;x;x;x
15;3;x;x;x;x;x;x;x;x;x;x;x
14;3;x;x;x;x;x;x;x;x;x;x;x
13;3;x;x;x;x;x;x;x;x;x;x;x
12;3;x;x;x;x;x;x;x;x;x;x;x
11;3;x;x;x;x;x;x;x;x;x;x;x
10;3;x;x;x;x;x;x;x;x;x;x;x
9;3;14.666393980485537;15.333482767030352;67.96921830613678;0.0;9.552336379667405;3.4894508326712237;20.63704507550787;36.898249731124785;49.115552462469246;61.8468565733836;67.90799468880924
8;3;14.310870245983844;15.266983195529118;67.96921830613678;0.0;9.363985424302262;3.3907869709525587;19.82300746185362;36.68710511747977;48.91560436117096;61.669396813013975;67.90622009120548
7;3;14.188168087768231;15.197759952209728;67.96921830613678;0.0;9.217362569537714;3.432318240251968;19.415988655026492;36.52915059854024;48.8156303105218;61.5806669328291;67.9053327924036
6;3;14.188168087768231;15.197759952209728;67.96921830613678;0.0;9.217362569537714;3.432318240251968;19.415988655026492;36.52915059854024;48.8156303105218;61.5806669328291;67.9053327924036
5;3;14.292851359000144;15.121198445956685;67.96921830613678;0.0;9.363985424302262;3.444102456410449;20.63704507550787;36.371196079600715;48.71565625987265;61.491937052644225;67.90444549360186
4;3;14.109323639925133;15.102796647010106;67.96921830613678;0.0;9.217362569537714;3.3492557016531497;20.230026268680746;36.213241560661196;48.615682209223515;61.403207172459474;67.90355819479997
3;3;14.109323639925133;15.102796647010106;67.96921830613678;0.0;9.217362569537714;3.3492557016531497;20.230026268680746;36.213241560661196;48.615682209223515;61.403207172459474;67.90355819479997
20;4;x;x;x;x;x;x;x;x;x;x;x
19;4;x;x;x;x;x;x;x;x;x;x;x
18;4;x;x;x;x;x;x;x;x;x;x;x
17;4;x;x;x;x;x;x;x;x;x;x;x
16;4;x;x;x;x;x;x;x;x;x;x;x
15;4;x;x;x;x;x;x;x;x;x;x;x
14;4;x;x;x;x;x;x;x;x;x;x;x
13;4;x;x;x;x;x;x;x;x;x;x;x
12;4;x;x;x;x;x;x;x;x;x;x;x
11;4;x;x;x;x;x;x;x;x;x;x;x
10;4;x;x;x;x;x;x;x;x;x;x;x
9;4;14.475960875794165;14.031969811437278;58.86349187170759;0.0;9.862383771300774;3.284912072123663;20.641797333962916;37.31860508031358;40.34081674443374;55.615395880448546;58.83101091179499
8;4;14.125726949756123;13.992578242218618;58.86349187170759;0.0;9.66460796629455;3.2232148980990876;20.329717358646242;36.90795225539313;40.129352549848555;55.521248170556994;58.83006943469604
7;4;13.987957487799683;13.945492134717222;58.86349187170759;0.0;9.51060827906681;3.2401537442218356;20.173677370987903;36.57664335084282;40.02362045255593;55.47417431561119;58.82959869614657
6;4;13.987957487799683;13.945492134717222;58.86349187170759;0.0;9.51060827906681;3.2401537442218356;20.173677370987903;36.57664335084282;40.02362045255593;55.47417431561119;58.82959869614657
5;4;14.127158380931194;13.901913521157248;58.86349187170759;0.0;9.66460796629455;3.284912072123663;20.641797333962916;36.24533444629253;39.917888355263344;55.42710046066538;58.829127957597166
4;4;13.945839901563767;13.89673378244399;58.86349187170759;0.0;9.51060827906681;3.2062760519763396;20.48575734630458;35.91402554174225;39.812156257970756;55.38002660571964;58.82865721904769
3;4;13.945839901563767;13.89673378244399;58.86349187170759;0.0;9.51060827906681;3.2062760519763396;20.48575734630458;35.91402554174225;39.812156257970756;55.38002660571964;58.82865721904769
20;5;x;x;x;x;x;x;x;x;x;x;x
19;5;x;x;x;x;x;x;x;x;x;x;x
18;5;x;x;x;x;x;x;x;x;x;x;x
17;5;x;x;x;x;x;x;x;x;x;x;x
16;5;x;x;x;x;x;x;x;x;x;x;x
15;5;x;x;x;x;x;x;x;x;x;x;x
14;5;x;x;x;x;x;x;x;x;x;x;x
13;5;x;x;x;x;x;x;x;x;x;x;x
12;5;x;x;x;x;x;x;x;x;x;x;x
11;5;x;x;x;x;x;x;x;x;x;x;x
10;5;x;x;x;x;x;x;x;x;x;x;x
9;5;14.225047385488818;13.327458811813;57.6967083193201;0.0;9.6864179559208;4.209146771603477;20.77390846397305;33.56957722331922;38.90794352390237;57.65675964616879;57.69630883258859
8;5;13.881783278625923;13.299754515705978;57.6967083193201;0.0;9.434324749330418;4.025255708710211;20.280305711485184;33.497328087328455;38.683546507812025;57.65560171361368;57.69629725326304
7;5;13.746192773176542;13.261999214212993;57.6967083193201;0.0;9.297460358196092;3.890492907682972;20.033504335241247;33.45571950970393;38.57134799976683;57.65502274733612;57.69629146360026
6;5;13.736885003759026;13.26544705869361;57.6967083193201;0.0;9.297460358196092;3.890492907682972;20.033504335241247;33.45571950970393;38.57134799976683;57.65502274733612;57.69629146360026
5;5;13.864628637661037;13.210227549805724;57.6967083193201;0.0;9.434324749330418;3.9354138413587183;20.77390846397305;33.41411093207941;38.459149491721654;57.65444378105856;57.69628567393749
4;5;13.686152892443642;13.210944221738208;57.6967083193201;0.0;9.297460358196092;3.7390127072912427;20.527107087729117;33.372502354454895;38.346950983676486;57.65386481478101;57.69627988427471
3;5;13.67709333021059;13.214272023741062;57.6967083193201;0.0;9.297460358196092;3.7390127072912427;20.527107087729117;33.372502354454895;38.346950983676486;57.65386481478101;57.69627988427471
20;6;x;x;x;x;x;x;x;x;x;x;x
19;6;x;x;x;x;x;x;x;x;x;x;x
18;6;x;x;x;x;x;x;x;x;x;x;x
17;6;x;x;x;x;x;x;x;x;x;x;x
16;6;x;x;x;x;x;x;x;x;x;x;x
15;6;x;x;x;x;x;x;x;x;x;x;x
14;6;x;x;x;x;x;x;x;x;x;x;x
13;6;x;x;x;x;x;x;x;x;x;x;x
12;6;x;x;x;x;x;x;x;x;x;x;x
11;6;x;x;x;x;x;x;x;x;x;x;x
10;6;x;x;x;x;x;x;x;x;x;x;x
9;6;14.182410123099752;13.603010405672586;61.65235878796119;0.724542652206933;9.73389340654508;3.7523362365638295;21.304386968590446;33.73762098327709;36.481346291451835;61.581008597032046;61.6516452860519
8;6;13.832521655622449;13.570391664771925;61.65235878796119;0.25562397196345277;9.123935512766565;3.6242781025157744;20.04545475954781;33.49776687577662;36.42169512884414;61.57894047555584;61.65162460483714
7;6;13.683562536063587;13.543348361728833;61.65235878796119;0.25562397196345277;9.182234213640708;3.6128644030097234;19.415988655026492;33.45659708660026;36.39186954754029;61.57790641481773;61.65161426422976
6;6;13.668150679560194;13.549100867681448;61.65235878796119;0.25562397196345277;8.695840634367647;3.6128644030097234;19.415988655026492;33.45659708660026;36.39186954754029;61.57790641481773;61.65161426422976
5;6;13.788918047310453;13.481759242120658;61.65235878796119;0.25562397196345277;9.361206755706256;3.6166689695117404;20.972788260050606;33.4154272974239;36.36204396623644;61.57687235407963;61.651603923622375
4;6;13.604762959826793;13.480244265138353;61.65235878796119;0.25562397196345277;8.695840634367647;3.5461597539478076;20.4538550583759;33.374257508247545;36.332218384932595;61.575838293341526;61.65159358301499
3;6;13.597266579973251;13.483170558945803;61.65235878796119;0.25562397196345277;8.695840634367647;3.5461597539478076;20.4538550583759;33.374257508247545;36.332218384932595;61.575838293341526;61.65159358301499
20;7;x;x;x;x;x;x;x;x;x;x;x
19;7;x;x;x;x;x;x;x;x;x;x;x
18;7;x;x;x;x;x;x;x;x;x;x;x
17;7;x;x;x;x;x;x;x;x;x;x;x
16;7;x;x;x;x;x;x;x;x;x;x;x
15;7;x;x;x;x;x;x;x;x;x;x;x
14;7;x;x;x;x;x;x;x;x;x;x;x
13;7;x;x;x;x;x;x;x;x;x;x;x
12;7;x;x;x;x;x;x;x;x;x;x;x
11;7;x;x;x;x;x;x;x;x;x;x;x
10;7;x;x;x;x;x;x;x;x;x;x;x
9;7;13.87909667657395;13.685145646109;64.47854523378872;0.44495063525731254;9.64802636182003;3.4478008207351762;19.56310968974236;33.99160996809855;37.946947233270855;64.40732231928538;64.47783300464368
8;7;13.54544231162536;13.63999477195242;64.47854523378872;0.25562397196345277;9.232697269393942;3.4051786047682127;19.465028999931782;33.874522728710105;37.71595230992409;64.40525788698093;64.47781236032064
7;7;13.424941777914247;13.586705094763373;64.47854523378872;0.25562397196345277;8.919749134876334;3.416775507161042;19.415988655026492;33.83723538829264;37.600454848250685;64.40422567082871;64.47780203815913
6;7;13.41966545964315;13.589665801327602;64.47854523378872;0.25562397196345277;8.919749134876334;3.416775507161042;19.415988655026492;33.83723538829264;37.600454848250685;64.40422567082871;64.47780203815913
5;7;13.56755369117691;13.515461244730233;64.47854523378872;0.25562397196345277;9.359241277676954;3.4324454065922545;19.632976813754787;33.79994804787519;37.48495738657731;64.40319345467648;64.4777917159976
4;7;13.346811644577675;13.516781595281104;64.47854523378872;0.25562397196345277;8.919749134876334;3.393581702375383;19.514069344837072;33.762660707457734;37.36945992490392;64.40216123852427;64.47778139383608
3;7;13.380255436293826;13.511745524908486;64.47854523378872;0.25562397196345277;8.919749134876334;3.393581702375383;19.514069344837072;33.762660707457734;37.36945992490392;64.40216123852427;64.47778139383608
20;8;x;x;x;x;x;x;x;x;x;x;x
19;8;x;x;x;x;x;x;x;x;x;x;x
18;8;x;x;x;x;x;x;x;x;x;x;x
17;8;x;x;x;x;x;x;x;x;x;x;x
16;8;x;x;x;x;x;x;x;x;x;x;x
15;8;x;x;x;x;x;x;x;x;x;x;x
14;8;x;x;x;x;x;x;x;x;x;x;x
13;8;x;x;x;x;x;x;x;x;x;x;x
12;8;x;x;x;x;x;x;x;x;x;x;x
11;8;x;x;x;x;x;x;x;x;x;x;x
10;8;x;x;x;x;x;x;x;x;x;x;x
9;8;14.076282353901563;13.697577759871754;66.5109325420133;0.7712134429651357;9.399581880257603;3.956557711636387;19.219446051566326;34.15368599491416;38.82820629833691;63.59535567673744;66.48177677336052
8;8;13.717943385497072;13.669732168528789;66.5109325420133;0.25562397196345277;9.05992079149615;3.6779176122071324;18.826360844645997;34.04435770518982;38.42700504179335;63.510846202381636;66.48093167861694
7;8;13.578341260530578;13.62992845146781;66.5109325420133;0.25562397196345277;8.753151810764939;3.806515967176718;18.62981824118583;33.988199811830164;38.226404413521514;63.4685914652037;66.48050913124514
6;8;13.578341260530578;13.62992845146781;66.5109325420133;0.25562397196345277;8.753151810764939;3.806515967176718;18.62981824118583;33.988199811830164;38.226404413521514;63.4685914652037;66.48050913124514
5;8;13.69489188144319;13.549265975370114;66.5109325420133;0.25562397196345277;9.280538592804472;3.8234531553508324;19.219446051566326;33.93204191847052;38.025803785249735;63.426336728025774;66.48008658387342
4;8;13.492570898817231;13.557394832047777;66.5109325420133;0.25562397196345277;8.753151810764939;3.4950068304359156;19.022903448106163;33.87588402511087;37.825203156977956;63.384081990847896;66.47966403650162
3;8;13.508115430977512;13.547024361741604;66.5109325420133;0.25562397196345277;8.753151810764939;3.5493192572375465;19.022903448106163;33.87588402511087;37.825203156977956;63.384081990847896;66.47966403650162
20;9;x;x;x;x;x;x;x;x;x;x;x
19;9;x;x;x;x;x;x;x;x;x;x;x
18;9;x;x;x;x;x;x;x;x;x;x;x
17;9;x;x;x;x;x;x;x;x;x;x;x
16;9;x;x;x;x;x;x;x;x;x;x;x
15;9;x;x;x;x;x;x;x;x;x;x;x
14;9;x;x;x;x;x;x;x;x;x;x;x
13;9;x;x;x;x;x;x;x;x;x;x;x
12;9;x;x;x;x;x;x;x;x;x;x;x
11;9;x;x;x;x;x;x;x;x;x;x;x
10;9;x;x;x;x;x;x;x;x;x;x;x
9;9;14.350300448422928;13.895905103616373;68.18042951268544;0.5996685508090707;9.801052086848447;3.931189652749276;19.171134479688465;33.798447726495326;39.70238159023504;62.409909768189465;68.12272431524046
8;9;13.9714754997588;13.878970477266554;68.18042951268544;0.25562397196345277;9.401908914533879;3.795223374441981;18.68142612901241;33.619364837792844;39.2105072757102;62.24264832632005;68.12105170082171
7;9;13.824358210734035;13.841785264146198;68.18042951268544;0.25562397196345277;9.069198453590243;3.5959972968564817;18.436571953674385;33.61042837414397;38.9645701184477;62.15901760538529;68.12021539361234
6;9;13.829375867425988;13.839807161772205;68.18042951268544;0.25562397196345277;9.069198453590243;3.5959972968564817;18.436571953674385;33.61042837414397;38.9645701184477;62.15901760538529;68.12021539361234
5;9;13.93077386084574;13.765297422365649;68.18042951268544;0.25562397196345277;9.478686143563436;3.6624059893849816;19.171134479688465;33.60149191049509;38.718632961185286;62.075386884450516;68.11937908640309
4;9;13.737206250675207;13.764850115978966;68.18042951268544;0.25562397196345277;9.069198453590243;3.414532395235904;18.92628030435044;33.59255544684622;38.47269580392286;61.991756163515866;68.1185427791937
3;9;13.742154535913654;13.762892053507542;68.18042951268544;0.25562397196345277;9.069198453590243;3.414532395235904;18.92628030435044;33.59255544684622;38.47269580392286;61.991756163515866;68.1185427791937
20;10;x;x;x;x;x;x;x;x;x;x;x
19;10;x;x;x;x;x;x;x;x;x;x;x
18;10;x;x;x;x;x;x;x;x;x;x;x
17;10;x;x;x;x;x;x;x;x;x;x;x
16;10;x;x;x;x;x;x;x;x;x;x;x
15;10;x;x;x;x;x;x;x;x;x;x;x
14;10;x;x;x;x;x;x;x;x;x;x;x
13;10;x;x;x;x;x;x;x;x;x;x;x
12;10;x;x;x;x;x;x;x;x;x;x;x
11;10;x;x;x;x;x;x;x;x;x;x;x
10;10;x;x;x;x;x;x;x;x;x;x;x
9;10;14.283069774644897;13.799201065572392;69.5209667128907;0.525955954635077;9.62006782404465;4.026026546998688;19.219446051566326;33.778178665169094;39.1761475538384;59.539737162283416;69.4211544173846
8;10;13.958048252072619;13.816313290093513;69.5209667128907;0.45122855385835714;9.001175608637379;3.8873595426497274;18.826360844645997;33.62303929248647;38.65102996169502;59.250426160816595;69.41826130736983
7;10;13.760230461463815;13.744262697689589;69.5209667128907;0.45122855385835714;8.921185676141791;3.8608156865058505;18.62981824118583;33.61369455609386;38.38847116562326;59.10577066008308;69.41681475236246
6;10;13.813975146419487;13.779106938077902;69.5209667128907;0.45122855385835714;8.921185676141791;3.8608156865058505;18.62981824118583;33.61369455609386;38.38847116562326;59.10577066008308;69.41681475236246
5;10;13.864001267260898;13.668581984473109;69.5209667128907;0.45122855385835714;9.001175608637379;3.8696636385538095;19.219446051566326;33.60434981970125;38.125912369551564;58.96111515934957;69.41536819735528
4;10;13.747235966786832;13.680712825646108;69.5209667128907;0.45122855385835714;8.921185676141791;3.6484057090969753;19.022903448106163;33.59500508330864;37.86335357347988;58.81645965861626;69.41392164234789
3;10;13.70365507314262;13.642870000725145;69.5209667128907;0.45122855385835714;8.921185676141791;3.6484057090969753;19.022903448106163;33.59500508330864;37.86335357347988;58.81645965861626;69.41392164234789
20;11;x;x;x;x;x;x;x;x;x;x;x
19;11;x;x;x;x;x;x;x;x;x;x;x
18;11;x;x;x;x;x;x;x;x;x;x;x
17;11;x;x;x;x;x;x;x;x;x;x;x
16;11;x;x;x;x;x;x;x;x;x;x;x
15;11;x;x;x;x;x;x;x;x;x;x;x
14;11;x;x;x;x;x;x;x;x;x;x;x
13;11;x;x;x;x;x;x;x;x;x;x;x
12;11;x;x;x;x;x;x;x;x;x;x;x
11;11;x;x;x;x;x;x;x;x;x;x;x
10;11;x;x;x;x;x;x;x;x;x;x;x
9;11;14.165936432833968;13.48320136780679;67.96131968771192;0.4782516069193328;9.881382399476362;4.6755113658622784;19.333650474064783;33.30770453279922;38.535527951807666;59.87027583427995;67.88040924917757
8;11;13.801813137673495;13.466708719646347;67.96131968771192;0.4782516069193328;9.700888979145686;4.175119370237419;19.168974112141367;33.03373628044402;38.092218325554875;59.6357528240356;67.87806401907505
7;11;13.66830044444702;13.422049487856954;67.96131968771192;0.4782516069193328;9.599082459222211;4.05538653214078;19.086635931179657;32.86421286130527;37.87056351242841;59.518491318913334;67.8768914040238
6;11;13.672352786369059;13.420431742597236;67.96131968771192;0.4782516069193328;9.599082459222211;4.05538653214078;19.086635931179657;32.86421286130527;37.87056351242841;59.518491318913334;67.8768914040238
5;11;13.769129085307346;13.352372980974494;67.96131968771192;0.4782516069193328;9.700888979145686;4.102898859478924;19.333650474064783;32.694689442166535;37.64890869930201;59.40122981379107;67.8757187889727
4;11;13.638138662086915;13.309504957440017;67.96131968771192;0.4782516069193328;9.599082459222211;4.1503445782855355;19.251312293103076;32.5251660230278;37.42725388617561;59.283968308668975;67.87454617392144
3;11;13.638138662086915;13.309504957440017;67.96131968771192;0.4782516069193328;9.599082459222211;4.1503445782855355;19.251312293103076;32.5251660230278;37.42725388617561;59.283968308668975;67.87454617392144
20;12;x;x;x;x;x;x;x;x;x;x;x
19;12;x;x;x;x;x;x;x;x;x;x;x
18;12;x;x;x;x;x;x;x;x;x;x;x
17;12;x;x;x;x;x;x;x;x;x;x;x
16;12;x;x;x;x;x;x;x;x;x;x;x
15;12;x;x;x;x;x;x;x;x;x;x;x
14;12;x;x;x;x;x;x;x;x;x;x;x
13;12;x;x;x;x;x;x;x;x;x;x;x
12;12;x;x;x;x;x;x;x;x;x;x;x
11;12;x;x;x;x;x;x;x;x;x;x;x
10;12;x;x;x;x;x;x;x;x;x;x;x
9;12;14.212953803681655;13.275663200784315;66.66681793287208;0.48582015045611127;9.764915247199827;4.527504325914317;19.69701203184082;33.11839879775195;37.19189312628273;58.579483896833814;66.58594459251168
8;12;13.856709621989966;13.255218031322164;66.66681793287208;0.48582015045611127;9.155094968671943;4.461806304001392;19.5096631139646;32.681102346835374;36.96719570427074;58.3450684175284;66.58360043771854
7;12;13.71959420769083;13.215994630348883;66.66681793287208;0.48582015045611127;8.813452090937794;4.408989088922708;19.415988655026492;32.36271315353266;36.854846993264715;58.22786067787562;66.58242836032198
6;12;13.726982272328886;13.212960077436982;66.66681793287208;0.48582015045611127;8.813452090937794;4.408989088922708;19.415988655026492;32.36271315353266;36.854846993264715;58.22786067787562;66.58242836032198
5;12;13.823052472987564;13.148793182107495;66.66681793287208;0.48582015045611127;9.155094968671943;4.426594827282269;19.69701203184082;32.04432396022996;36.74249828225872;58.11065293822283;66.58125628292558
4;12;13.712845250843186;13.094385086751519;66.66681793287208;0.48582015045611127;8.813452090937794;4.444200565641831;19.60333757290271;31.725934766927267;36.63014957125273;57.99344519857021;66.580084205529
3;12;13.712845250843186;13.094385086751519;66.66681793287208;0.48582015045611127;8.813452090937794;4.444200565641831;19.60333757290271;31.725934766927267;36.63014957125273;57.99344519857021;66.580084205529
20;13;x;x;x;x;x;x;x;x;x;x;x
19;13;x;x;x;x;x;x;x;x;x;x;x
18;13;x;x;x;x;x;x;x;x;x;x;x
17;13;x;x;x;x;x;x;x;x;x;x;x
16;13;x;x;x;x;x;x;x;x;x;x;x
15;13;x;x;x;x;x;x;x;x;x;x;x
14;13;x;x;x;x;x;x;x;x;x;x;x
13;13;x;x;x;x;x;x;x;x;x;x;x
12;13;x;x;x;x;x;x;x;x;x;x;x
11;13;x;x;x;x;x;x;x;x;x;x;x
10;13;x;x;x;x;x;x;x;x;x;x;x
9;13;14.235089605641965;12.76686388103857;62.770931316325;0.5698227588211379;9.544752258944264;4.881801773365115;20.375828369993208;33.04203909112232;36.125005057408366;55.07204226880118;62.69394242584974
8;13;13.881771608636727;12.758379220402281;62.770931316325;0.5698227588211379;9.46617591922945;4.451064222224961;20.31506922869108;32.659003858371236;36.09558450071659;54.84888606452517;62.691710863806904
7;13;13.738099694666246;12.729203642742338;62.770931316325;0.5698227588211379;9.398469210587656;4.014656225132929;20.284689658040016;32.374893445182565;36.080874222370696;54.737307962387085;62.690595082785485
6;13;13.747210002758532;12.725268092317926;62.770931316325;0.5698227588211379;9.398469210587656;4.014656225132929;20.284689658040016;32.374893445182565;36.080874222370696;54.737307962387085;62.690595082785485
5;13;13.841082221602303;12.66441657638082;62.770931316325;0.5698227588211379;9.46617591922945;4.160125557496939;20.375828369993208;32.090783031993915;36.06616394402481;54.625729860249;62.68947930176423
4;13;13.750314190070467;12.60391295409506;62.770931316325;0.5698227588211379;9.398469210587656;4.30559488986095;20.345448799342144;31.80667261880527;36.05145366567892;54.514151758111076;62.68836352074281
3;13;13.746960379513576;12.605322434479586;62.770931316325;0.5698227588211379;9.398469210587656;4.30559488986095;20.345448799342144;31.80667261880527;36.05145366567892;54.514151758111076;62.68836352074281
20;14;x;x;x;x;x;x;x;x;x;x;x
19;14;x;x;x;x;x;x;x;x;x;x;x
18;14;x;x;x;x;x;x;x;x;x;x;x
17;14;x;x;x;x;x;x;x;x;x;x;x
16;14;x;x;x;x;x;x;x;x;x;x;x
15;14;x;x;x;x;x;x;x;x;x;x;x
14;14;x;x;x;x;x;x;x;x;x;x;x
13;14;x;x;x;x;x;x;x;x;x;x;x
12;14;x;x;x;x;x;x;x;x;x;x;x
11;14;x;x;x;x;x;x;x;x;x;x;x
10;14;x;x;x;x;x;x;x;x;x;x;x
9;14;14.536100801677753;12.742125415728585;59.43266485481514;0.5312569703006332;10.275424745122562;4.615198565928532;23.116086208997267;32.23314876161827;36.557482409734625;55.016534330654565;59.38850354957352
8;14;14.193536332406012;12.727442580973225;59.43266485481514;0.5312569703006332;9.827463145295262;4.198726712885793;21.985355356389114;31.89898287763604;36.43825795863374;54.88853054734558;59.38722351174039
7;14;14.044292077439192;12.70324764760769;59.43266485481514;0.5312569703006332;9.56127345607239;3.9243976894647696;21.41998993008504;31.729640986900662;36.37864573308328;54.824528655691054;59.386583492823824
6;14;14.049494021832809;12.700867340235805;59.43266485481514;0.5312569703006332;9.56127345607239;3.9243976894647696;21.41998993008504;31.729640986900662;36.37864573308328;54.824528655691054;59.386583492823824
5;14;14.140543068852628;12.635703239716138;59.43266485481514;0.5312569703006332;9.827463145295262;4.015840697271777;21.203582555614577;31.560299096165295;36.319033507532836;54.76052676403652;59.385943473907346
4;14;14.058400438285952;12.570947905623035;59.43266485481514;0.5312569703006332;9.56127345607239;4.107283705078785;20.98717518114411;31.390957205429928;36.25942128198239;54.69652487238207;59.38530345499078
3;14;14.05530491726998;12.572363330804379;59.43266485481514;0.5312569703006332;9.56127345607239;4.107283705078785;20.98717518114411;31.390957205429928;36.25942128198239;54.69652487238207;59.38530345499078
20;15;x;x;x;x;x;x;x;x;x;x;x
19;15;x;x;x;x;x;x;x;x;x;x;x
18;15;x;x;x;x;x;x;x;x;x;x;x
17;15;x;x;x;x;x;x;x;x;x;x;x
16;15;x;x;x;x;x;x;x;x;x;x;x
15;15;x;x;x;x;x;x;x;x;x;x;x
14;15;x;x;x;x;x;x;x;x;x;x;x
13;15;x;x;x;x;x;x;x;x;x;x;x
12;15;x;x;x;x;x;x;x;x;x;x;x
11;15;x;x;x;x;x;x;x;x;x;x;x
10;15;x;x;x;x;x;x;x;x;x;x;x
9;15;14.50521468264604;12.648058603292792;56.54043814074528;0.6013165317529723;10.75771544644767;4.321615079065895;22.64263286614729;32.606085433573305;36.37371117899777;52.244960336082066;56.49748336269864
8;15;14.171521179408975;12.62734790379535;56.54043814074528;0.6013165317529723;10.068505509878484;4.126599984486526;22.48366172129922;32.398994993777876;36.27590166852848;52.12045373304837;56.49623829666826
7;15;14.022657627356088;12.60513505083425;56.54043814074528;0.6013165317529723;9.410640405264676;3.6368037392172217;22.404176148875187;32.257846877310605;36.226996913293824;52.05820043153148;56.49561576365307
6;15;14.024507338873864;12.604284508754393;56.54043814074528;0.6013165317529723;9.410640405264676;3.6368037392172217;22.404176148875187;32.257846877310605;36.226996913293824;52.05820043153148;56.49561576365307
5;15;14.1142406462392;12.539456233081417;56.54043814074528;0.6013165317529723;10.068505509878484;3.8000691543069895;21.915316911169377;32.11669876084335;36.17809215805918;51.99594713001459;56.49499323063797
4;15;14.031199396145208;12.476047021999806;56.54043814074528;0.6013165317529723;9.410640405264676;3.963334569396758;21.42645767346357;31.975550644376096;36.129187402824535;51.933693828497795;56.49437069762278
3;15;14.028318957675577;12.477346008783174;56.54043814074528;0.6013165317529723;9.410640405264676;3.963334569396758;21.42645767346357;31.975550644376096;36.129187402824535;51.933693828497795;56.49437069762278
20;16;x;x;x;x;x;x;x;x;x;x;x
19;16;x;x;x;x;x;x;x;x;x;x;x
18;16;x;x;x;x;x;x;x;x;x;x;x
17;16;x;x;x;x;x;x;x;x;x;x;x
16;16;x;x;x;x;x;x;x;x;x;x;x
15;16;x;x;x;x;x;x;x;x;x;x;x
14;16;x;x;x;x;x;x;x;x;x;x;x
13;16;x;x;x;x;x;x;x;x;x;x;x
12;16;x;x;x;x;x;x;x;x;x;x;x
11;16;x;x;x;x;x;x;x;x;x;x;x
10;16;x;x;x;x;x;x;x;x;x;x;x
9;16;14.652892348593328;12.533509513195181;54.01056974998991;0.5657110174283126;10.886703184826576;4.320818946400159;22.900192971629536;32.39390011240966;36.193771596959486;49.55835054346207;53.966047557924625
8;16;14.324947538696083;12.511681082300617;54.01056974998991;0.5657110174283126;9.502636736515466;4.153469896670106;22.169556297280614;32.13849164660653;35.997206609723506;49.42930071138882;53.96475705960385
7;16;14.164965250559481;12.500843009597254;54.01056974998991;0.5657110174283126;8.819654394679134;4.043640182423893;21.80423796010615;32.123161158774465;35.89892411610548;49.36477579535215;53.96411181044346
6;16;14.163909988859213;12.501344571852272;54.01056974998991;0.5657110174283126;8.819654394679134;4.043640182423893;21.80423796010615;32.123161158774465;35.89892411610548;49.36477579535215;53.96411181044346
5;16;14.250472299758774;12.435929030619947;54.01056974998991;0.5657110174283126;9.502636736515466;4.08025008717263;21.741031378429113;32.107830670942406;35.8006416224875;49.300250879315485;53.96346656128316
4;16;14.165228813395863;12.374649554453525;54.01056974998991;0.5657110174283126;8.819654394679134;4.116859991921368;21.677824796752077;32.09250018311034;35.7023591288695;49.2357259632789;53.96282131212278
3;16;14.159849611180467;12.377160371752936;54.01056974998991;0.5657110174283126;8.819654394679134;4.116859991921368;21.677824796752077;32.09250018311034;35.7023591288695;49.2357259632789;53.96282131212278
20;17;x;x;x;x;x;x;x;x;x;x;x
19;17;x;x;x;x;x;x;x;x;x;x;x
18;17;x;x;x;x;x;x;x;x;x;x;x
17;17;x;x;x;x;x;x;x;x;x;x;x
16;17;x;x;x;x;x;x;x;x;x;x;x
15;17;x;x;x;x;x;x;x;x;x;x;x
14;17;x;x;x;x;x;x;x;x;x;x;x
13;17;x;x;x;x;x;x;x;x;x;x;x
12;17;x;x;x;x;x;x;x;x;x;x;x
11;17;x;x;x;x;x;x;x;x;x;x;x
10;17;x;x;x;x;x;x;x;x;x;x;x
9;17;14.650503605361752;12.367781776124325;51.77907133220956;0.6256249509223882;10.571548302638295;4.265485291416071;22.577239027835944;33.60741293219379;36.602196881026956;47.21408934076227;51.733421512295074
8;17;14.321743073758578;12.35038717143767;51.77907133220956;0.6256249509223882;9.532426746376537;4.1935414345023965;21.503410337358492;33.38234727338497;36.40740239400828;47.081771022169626;51.73209832910911
7;17;14.161740391300107;12.341597104706914;51.77907133220956;0.6256249509223882;9.304233454010841;4.189569724501065;20.966495992119764;33.25419214322901;36.31000515049892;47.01561186287325;51.73143673751612
6;17;14.158144887861186;12.343327663384436;51.77907133220956;0.6256249509223882;9.304233454010841;4.189569724501065;20.966495992119764;33.25419214322901;36.31000515049892;47.01561186287325;51.73143673751612
5;17;14.243384177197898;12.278725743163392;51.77907133220956;0.6256249509223882;9.532426746376537;4.190893627834843;20.854570652204714;33.126037013073066;36.21260790698958;46.94945270357688;51.73077514592323
4;17;14.158495205851374;12.218756079662985;51.77907133220956;0.6256249509223882;9.304233454010841;4.19221753116862;20.74264531228966;32.99788188291711;36.11521066348025;46.883293544280605;51.730113554330245
3;17;14.153444237846942;12.221107889900912;51.77907133220956;0.6256249509223882;9.304233454010841;4.19221753116862;20.74264531228966;32.99788188291711;36.11521066348025;46.883293544280605;51.730113554330245
20;18;x;x;x;x;x;x;x;x;x;x;x
19;18;x;x;x;x;x;x;x;x;x;x;x
18;18;x;x;x;x;x;x;x;x;x;x;x
17;18;x;x;x;x;x;x;x;x;x;x;x
16;18;x;x;x;x;x;x;x;x;x;x;x
15;18;x;x;x;x;x;x;x;x;x;x;x
14;18;x;x;x;x;x;x;x;x;x;x;x
13;18;x;x;x;x;x;x;x;x;x;x;x
12;18;x;x;x;x;x;x;x;x;x;x;x
11;18;x;x;x;x;x;x;x;x;x;x;x
10;18;x;x;x;x;x;x;x;x;x;x;x
9;18;14.754461591540627;12.335017814138197;49.79617703833423;0.45441848322993705;11.099152180834501;4.502932456664626;22.32003653427556;34.40676105662993;37.43842947878038;45.154455425459886;49.749759822205476
8;18;14.422876845424204;12.320684093202836;49.79617703833423;0.45441848322993705;10.387314017497568;4.428502142302634;21.573555615498194;34.29890178405279;37.21487409755154;45.01991277001428;49.748414395650975
7;18;14.259180733565973;12.314591210470727;49.79617703833423;0.45441848322993705;10.224393459495493;4.257682358225267;21.200315156109507;34.256915105246;37.10309640693708;44.95264144229143;49.74774168237372
6;18;14.25818461462636;12.315079836209074;49.79617703833423;0.45441848322993705;10.224393459495493;4.257682358225267;21.200315156109507;34.256915105246;37.10309640693708;44.95264144229143;49.74774168237372
5;18;14.35777328815164;12.258546433337704;49.79617703833423;0.45441848322993705;10.387314017497568;4.314622286251057;21.387534309396287;34.21492842643921;36.99131871632265;44.88537011456857;49.74706896909657
4;18;14.281152129857027;12.194360341456427;49.79617703833423;0.45441848322993705;10.224393459495493;4.371562214276845;21.32512792496736;34.17294174763242;36.87954102570823;44.81809878684582;49.74639625581931
3;18;14.27877493901188;12.195497087635555;49.79617703833423;0.45441848322993705;10.224393459495493;4.371562214276845;21.32512792496736;34.17294174763242;36.87954102570823;44.81809878684582;49.74639625581931
20;19;x;x;x;x;x;x;x;x;x;x;x
19;19;x;x;x;x;x;x;x;x;x;x;x
18;19;x;x;x;x;x;x;x;x;x;x;x
17;19;x;x;x;x;x;x;x;x;x;x;x
16;19;x;x;x;x;x;x;x;x;x;x;x
15;19;x;x;x;x;x;x;x;x;x;x;x
14;19;x;x;x;x;x;x;x;x;x;x;x
13;19;x;x;x;x;x;x;x;x;x;x;x
12;19;x;x;x;x;x;x;x;x;x;x;x
11;19;x;x;x;x;x;x;x;x;x;x;x
10;19;x;x;x;x;x;x;x;x;x;x;x
9;19;14.806391861292338;12.39314467165803;48.02260052034042;0.2920532102950609;11.6179170963324;4.408512361372433;21.92380422867809;36.3377601375386;38.36358777058342;43.59812386681094;47.97835575380511
8;19;14.474757906653158;12.377161006871676;48.02260052034042;0.2920532102950609;11.027558408835922;4.289321518105069;20.58461989630785;36.08260280079538;38.05686697513512;43.469878166708654;47.97707329680405
7;19;14.30498403609964;12.376220469429628;48.02260052034042;0.2920532102950609;10.588884204986734;4.214180823151737;19.915027730122727;35.83822661501036;37.90350657741092;43.40575531665747;47.97643206830352
6;19;14.319531394550916;12.364995560755975;48.02260052034042;0.2920532102950609;10.588884204986734;4.314368416422847;19.915027730122727;35.83822661501036;37.90350657741092;43.40575531665747;47.97643206830352
5;19;14.43039411355939;12.317637827071975;48.02260052034042;0.2920532102950609;11.027558408835922;4.354820681363213;21.871286383414155;35.59385042922536;37.75014617968677;43.341632466606285;47.975790839803075
4;19;14.350948502838937;12.258893554171358;48.02260052034042;0.2920532102950609;10.588884204986734;4.264274619787292;21.219200165650346;35.34947424344037;37.59678578196262;43.27750961655519;47.97514961130254
3;19;14.361582901729026;12.24955513544635;48.02260052034042;0.2920532102950609;10.588884204986734;4.395272946303579;21.219200165650346;35.34947424344037;37.59678578196262;43.27750961655519;47.97514961130254
20;20;x;x;x;x;x;x;x;x;x;x;x
19;20;x;x;x;x;x;x;x;x;x;x;x
18;20;x;x;x;x;x;x;x;x;x;x;x
17;20;x;x;x;x;x;x;x;x;x;x;x
16;20;x;x;x;x;x;x;x;x;x;x;x
15;20;x;x;x;x;x;x;x;x;x;x;x
14;20;x;x;x;x;x;x;x;x;x;x;x
13;20;x;x;x;x;x;x;x;x;x;x;x
12;20;x;x;x;x;x;x;x;x;x;x;x
11;20;x;x;x;x;x;x;x;x;x;x;x
10;20;x;x;x;x;x;x;x;x;x;x;x
9;20;14.94979881306084;12.486992080688102;48.06380977205278;0.4034786526039028;11.389213160691195;4.458195616804014;22.154442774291162;35.631012126129185;39.15012465226705;43.145275466988785;48.014624429002126
8;20;14.633434632080533;12.457393915349684;48.06380977205278;0.4034786526039028;10.94652015513977;4.416452303825734;21.451947239898146;35.30615128629557;38.97376725908682;43.00270925524783;48.01319876688467
7;20;14.445901498599552;12.469117591624503;48.06380977205278;0.4034786526039028;10.932482469575422;4.368094798499489;21.100699472701635;35.14429433249118;38.88558856249668;42.9314261493773;48.01248593582594
6;20;14.464363842952075;12.455733527122469;48.06380977205278;0.4034786526039028;10.932482469575422;4.368094798499489;21.100699472701635;35.14429433249118;38.88558856249668;42.9314261493773;48.01248593582594
5;20;14.586551921338991;12.415257720086412;48.06380977205278;0.4034786526039028;10.94652015513977;4.384213966941571;22.154442774291162;34.98243737868681;38.79740986590656;42.860143043506774;48.011773104767315
4;20;14.52569904012015;12.34331681569874;48.06380977205278;0.4034786526039028;10.932482469575422;4.400333135383653;21.803195007094654;34.820580424882436;38.709231169316446;42.788859937636346;48.01106027370859
3;20;14.507729024950358;12.356552236582669;48.06380977205278;0.4034786526039028;10.932482469575422;4.400333135383653;21.803195007094654;34.820580424882436;38.709231169316446;42.788859937636346;48.01106027370859
20;21;x;x;x;x;x;x;x;x;x;x;x
19;21;x;x;x;x;x;x;x;x;x;x;x
18;21;x;x;x;x;x;x;x;x;x;x;x
17;21;x;x;x;x;x;x;x;x;x;x;x
16;21;x;x;x;x;x;x;x;x;x;x;x
15;21;x;x;x;x;x;x;x;x;x;x;x
14;21;x;x;x;x;x;x;x;x;x;x;x
13;21;x;x;x;x;x;x;x;x;x;x;x
12;21;x;x;x;x;x;x;x;x;x;x;x
11;21;x;x;x;x;x;x;x;x;x;x;x
10;21;x;x;x;x;x;x;x;x;x;x;x
9;21;14.941668180038176;12.510720472561449;46.54269643993456;0.7769590115183812;11.380251494203476;4.1979579418581885;23.082780318231674;36.206109430717014;40.03130941586829;43.43342653069027;46.51160374084211
8;21;14.628460500574379;12.478177865854809;46.54269643993456;0.7769590115183812;10.645329736402099;4.14717305039454;22.480560608431603;35.83158498103594;40.007976616093664;43.343302765204946;46.510702503187225
7;21;14.45286690933198;12.481665056065298;46.54269643993456;0.7769590115183812;10.449608228176903;4.130093662369238;22.17945075353157;35.607973140457965;39.996310216206346;43.29824088246225;46.51025188435978
6;21;14.45803851307559;12.47906284471058;46.54269643993456;0.7769590115183812;10.449608228176903;4.130093662369238;22.17945075353157;35.607973140457965;39.996310216206346;43.29824088246225;46.51025188435978
5;21;14.587390937625337;12.450209874387435;46.54269643993456;0.7769590115183812;10.645329736402099;4.135786791711006;23.082780318231674;35.384361299880005;39.98464381631903;43.25317899971956;46.5098012655324
4;21;14.535611433328729;12.374948844348227;46.54269643993456;0.7769590115183812;10.703928115379592;4.141479921052772;22.781670463331636;35.16074945930205;39.97297741643172;43.20811711697693;46.509350646704966
3;21;14.535611433336665;12.374948844344196;46.54269643993456;0.7769590115183812;10.703928115379592;4.141479921052772;22.781670463331636;35.16074945930205;39.97297741643172;43.20811711697693;46.509350646704966
20;22;x;x;x;x;x;x;x;x;x;x;x
19;22;x;x;x;x;x;x;x;x;x;x;x
18;22;x;x;x;x;x;x;x;x;x;x;x
17;22;x;x;x;x;x;x;x;x;x;x;x
16;22;x;x;x;x;x;x;x;x;x;x;x
15;22;x;x;x;x;x;x;x;x;x;x;x
14;22;x;x;x;x;x;x;x;x;x;x;x
13;22;x;x;x;x;x;x;x;x;x;x;x
12;22;x;x;x;x;x;x;x;x;x;x;x
11;22;x;x;x;x;x;x;x;x;x;x;x
10;22;x;x;x;x;x;x;x;x;x;x;x
9;22;14.960627486405643;12.410487856942572;45.727233044925015;1.0576043623323186;11.211641161094995;4.324138749588141;23.33093881061372;36.716510465143585;39.75990733928256;44.345058956446735;45.71341130404023
8;22;14.641662579198652;12.38577980174729;45.727233044925015;1.0576043623323186;10.238291208479893;4.275109624524185;22.367505991726077;36.310324619859216;39.5687839115308;44.3049959393894;45.71301067386964
7;22;14.474753425814106;12.381903476710388;45.727233044925015;1.0576043623323186;10.010671829123725;4.258715545449785;21.885789582282257;36.03047126508807;39.47322219765489;44.28496443086072;45.712810358784346
6;22;14.474526005671532;12.382138821377001;45.727233044925015;1.0576043623323186;10.010671829123725;4.258715545449785;21.885789582282257;36.03047126508807;39.47322219765489;44.28496443086072;45.712810358784346
5;22;14.620174893105636;12.360562958639289;45.727233044925015;1.0576043623323186;10.238291208479893;4.2641802384745855;23.33093881061372;35.75061791031693;39.37766048377901;44.26493292233204;45.71261004369909
4;22;14.579196220139114;12.282942144303687;45.727233044925015;1.0576043623323186;10.465910587836063;4.269644931499386;22.849222401169897;35.470764555545806;39.28209876990313;44.24490141380338;45.71240972861379
3;22;14.57897486456607;12.283174940907772;45.727233044925015;1.0576043623323186;10.465910587836063;4.269644931499386;22.849222401169897;35.470764555545806;39.28209876990313;44.24490141380338;45.71240972861379
20;23;x;x;x;x;x;x;x;x;x;x;x
19;23;x;x;x;x;x;x;x;x;x;x;x
18;23;x;x;x;x;x;x;x;x;x;x;x
17;23;x;x;x;x;x;x;x;x;x;x;x
16;23;x;x;x;x;x;x;x;x;x;x;x
15;23;x;x;x;x;x;x;x;x;x;x;x
14;23;x;x;x;x;x;x;x;x;x;x;x
13;23;x;x;x;x;x;x;x;x;x;x;x
12;23;x;x;x;x;x;x;x;x;x;x;x
11;23;x;x;x;x;x;x;x;x;x;x;x
10;23;x;x;x;x;x;x;x;x;x;x;x
9;23;14.929457136575554;12.27894337273961;45.3990639428128;1.0229664448044562;11.419620398936212;4.283147140341491;23.527137037269867;36.779346672041754;39.33103143798355;43.44227043617139;45.37949600774638
8;23;14.612510366588658;12.25546766668995;45.3990639428128;1.0229664448044562;10.731606472031704;4.268831283987916;22.255416078590727;36.41078626089928;39.12001790727226;43.385551783804985;45.3789288212227
7;23;14.456554108541916;12.242799295019237;45.3990639428128;1.0229664448044562;10.413285413283013;4.22628446905589;21.619555599251154;36.11700274726726;39.014511141916586;43.35719245762176;45.37864522796086
6;23;14.456471581376714;12.242881856213247;45.3990639428128;1.0229664448044562;10.413285413283013;4.22628446905589;21.619555599251154;36.11700274726726;39.014511141916586;43.35719245762176;45.37864522796086
5;23;14.612531584884248;12.232606480693322;45.3990639428128;1.0229664448044562;10.731606472031704;4.240466740699898;23.527137037269867;35.82321923363525;38.909004376560944;43.328833131438536;45.378361634699054
4;23;14.566344623583957;12.158734980968537;45.3990639428128;1.0229664448044562;11.049927530780394;4.254649012343908;22.891276557930297;35.52943572000324;38.803497611205295;43.30047380525535;45.37807804143721
3;23;14.568216838337333;12.156820556714395;45.3990639428128;1.0229664448044562;11.049927530780394;4.254649012343908;22.891276557930297;35.52943572000324;38.803497611205295;43.30047380525535;45.37807804143721
20;24;x;x;x;x;x;x;x;x;x;x;x
19;24;x;x;x;x;x;x;x;x;x;x;x
18;24;x;x;x;x;x;x;x;x;x;x;x
17;24;x;x;x;x;x;x;x;x;x;x;x
16;24;x;x;x;x;x;x;x;x;x;x;x
15;24;x;x;x;x;x;x;x;x;x;x;x
14;24;x;x;x;x;x;x;x;x;x;x;x
13;24;x;x;x;x;x;x;x;x;x;x;x
12;24;x;x;x;x;x;x;x;x;x;x;x
11;24;x;x;x;x;x;x;x;x;x;x;x
10;24;x;x;x;x;x;x;x;x;x;x;x
9;24;14.968791684613805;12.213665916379572;46.306453088670764;1.3051386958469933;11.387089397293925;4.230708164373308;23.574817148552125;35.806330649512184;39.089218016036824;43.04182844995988;46.27380684228365
8;24;14.654061101811042;12.190380778883382;46.306453088670764;1.3051386958469933;10.478555147635799;4.0843407415682265;22.10776089535397;35.51808109779388;38.96647593260211;42.94720164883784;46.27286057427239
7;24;14.508142908727912;12.169337526127615;46.306453088670764;1.3051386958469933;10.013104308972384;4.027119179880907;21.37423276875489;35.32096288425038;38.90510489088473;42.89988824827679;46.27238744026677
6;24;14.50813651380143;12.169343723913359;46.306453088670764;1.3051386958469933;10.013104308972384;4.027119179880907;21.37423276875489;35.32096288425038;38.90510489088473;42.89988824827679;46.27238744026677
5;24;14.67294326243562;12.168571836014392;46.306453088670764;1.3051386958469933;10.478555147635799;4.04619303377668;23.574817148552125;35.123844670706895;38.84373384916737;42.852574847715736;46.27191430626121
4;24;14.631553402176065;12.0950962365249;46.306453088670764;1.3051386958469933;10.944005986299214;4.065266887672453;22.841289021953045;34.92672645716341;38.78236280745001;42.80526144715475;46.271441172255585
3;24;14.633207950387554;12.093437835111622;46.306453088670764;1.3051386958469933;10.944005986299214;4.065266887672453;22.841289021953045;34.92672645716341;38.78236280745001;42.80526144715475;46.271441172255585
20;25;x;x;x;x;x;x;x;x;x;x;x
19;25;x;x;x;x;x;x;x;x;x;x;x
18;25;x;x;x;x;x;x;x;x;x;x;x
17;25;x;x;x;x;x;x;x;x;x;x;x
16;25;x;x;x;x;x;x;x;x;x;x;x
15;25;x;x;x;x;x;x;x;x;x;x;x
14;25;x;x;x;x;x;x;x;x;x;x;x
13;25;x;x;x;x;x;x;x;x;x;x;x
12;25;x;x;x;x;x;x;x;x;x;x;x
11;25;x;x;x;x;x;x;x;x;x;x;x
10;25;x;x;x;x;x;x;x;x;x;x;x
9;25;15.107680287143697;12.182569768859457;45.8166871952308;1.6196310583199667;11.70713822839054;4.447414496185233;23.62065565421638;34.91343524450583;39.33604544097338;42.278110454764175;45.78130142782612
8;25;14.791390461982157;12.161319997242748;45.8166871952308;1.6196310583199667;10.993534930162983;4.277329927038666;21.973150153950513;34.70906436529311;39.23087503284405;42.17554301301154;45.78027575340856
7;25;14.637408184006178;12.148090520055208;45.8166871952308;1.6196310583199667;10.441359112842154;4.210759912719926;21.14939740381758;34.60689885604165;39.17828982877937;42.124259292135186;45.779762916199786
6;25;14.637446633866304;12.148054257334906;45.8166871952308;1.6196310583199667;10.441359112202573;4.210759912719926;21.14939740381758;34.60689885604165;39.17828982877937;42.124259292135186;45.779762916199786
5;25;14.796366222884094;12.14545365825253;45.8166871952308;1.6196310583199667;10.993534929843193;4.232949917492839;23.62065565421638;34.5047333467902;39.12570462471471;42.07297557125883;45.779250078991076
4;25;14.753336031598346;12.072429384226277;45.8166871952308;1.6196310583199667;11.545710747483815;4.255139922265752;22.796902904083446;34.402567837538754;39.073119420650045;42.02169185038255;45.778737241782295
3;25;14.756857228333287;12.068975061526672;45.8166871952308;1.6196310583199667;11.545710747483815;4.255139922265752;22.796902904083446;34.402567837538754;39.073119420650045;42.02169185038255;45.778737241782295
20;26;x;x;x;x;x;x;x;x;x;x;x
19;26;x;x;x;x;x;x;x;x;x;x;x
18;26;x;x;x;x;x;x;x;x;x;x;x
17;26;x;x;x;x;x;x;x;x;x;x;x
16;26;x;x;x;x;x;x;x;x;x;x;x
15;26;x;x;x;x;x;x;x;x;x;x;x
14;26;x;x;x;x;x;x;x;x;x;x;x
13;26;x;x;x;x;x;x;x;x;x;x;x
12;26;x;x;x;x;x;x;x;x;x;x;x
11;26;x;x;x;x;x;x;x;x;x;x;x
10;26;x;x;x;x;x;x;x;x;x;x;x
9;26;15.16796742012691;12.223292850295548;46.46931193653829;1.8688753529207045;11.746133675969086;4.392286506852381;23.79612571809698;34.19236461419795;39.05930769119806;42.291321579457296;46.42753203296747
8;26;15.045169316250371;12.178122526871293;46.46931193653829;1.8688753529207045;11.459459553881286;4.56483869816573;22.848816590353618;34.091044911446495;38.98293237739888;42.23077099457203;46.426926527118596
7;26;14.704266141052742;12.181191191175479;46.46931193653829;1.8688753529207045;11.142008374095264;4.131686799127034;20.954198334866888;34.05113410274538;38.83018174980052;42.1096698248016;46.425715515420855
6;26;14.715573326346146;12.170625993061378;46.46931193653829;1.8688753529207045;11.142008374095264;4.131686799127034;20.954198334866888;34.05113410274538;38.83018174980052;42.1096698248016;46.425715515420855
5;26;14.86929012635444;12.162562599645714;46.46931193653829;1.8688753529207045;11.300733963988275;4.153698678230033;23.79612571809698;34.031178698394825;38.75380643600135;42.04911923991634;46.425110009572066
4;26;14.831613242670867;12.088120237648496;46.46931193653829;1.8688753529207045;11.459459553881286;4.175710557333033;22.848816590353618;34.01122329404427;38.67743112220218;41.98856865503116;46.42450450372319
3;26;14.835081977183503;12.084787950461783;46.46931193653829;1.8688753529207045;11.459459553881286;4.175710557333033;22.848816590353618;34.01122329404427;38.67743112220218;41.98856865503116;46.42450450372319
20;27;x;x;x;x;x;x;x;x;x;x;x
19;27;x;x;x;x;x;x;x;x;x;x;x
18;27;x;x;x;x;x;x;x;x;x;x;x
17;27;x;x;x;x;x;x;x;x;x;x;x
16;27;x;x;x;x;x;x;x;x;x;x;x
15;27;x;x;x;x;x;x;x;x;x;x;x
14;27;x;x;x;x;x;x;x;x;x;x;x
13;27;x;x;x;x;x;x;x;x;x;x;x
12;27;x;x;x;x;x;x;x;x;x;x;x
11;27;x;x;x;x;x;x;x;x;x;x;x
10;27;x;x;x;x;x;x;x;x;x;x;x
9;27;15.159441754361456;12.142387191313382;46.308474690318214;1.8966660495655714;11.960684300285092;4.5726756183250785;24.356606307944432;34.02085220878404;39.03417901331169;42.22558685003763;46.2676458119154
8;27;15.024502496248036;12.109928077759648;46.308474690318214;1.8966660495655714;11.886556518555802;4.707908989415288;23.688497181572604;33.987573605497424;38.993714111232684;42.1664145624973;46.26705408903997
7;27;14.705743508255088;12.094568911016006;46.308474690318214;1.8966660495655714;11.254199373907662;4.329246943083141;22.352278928828948;33.85511750573234;38.91278430707465;42.04806998741673;46.26587064328913
6;27;14.70582688723078;12.094494317470305;46.308474690318214;1.8966660495655714;11.254199373907662;4.329246943083141;22.352278928828948;33.85511750573234;38.91278430707465;42.04806998741673;46.26587064328913
5;27;14.859854021829069;12.090807144150359;46.308474690318214;1.8966660495655714;11.570377946231732;4.356295769121073;24.356606307944432;33.7888894558498;38.87231940499564;41.9888976998764;46.26527892041379
4;27;14.83001878088836;12.0139009726549;46.308474690318214;1.8966660495655714;11.886556518555802;4.383344595159006;23.688497181572604;33.722661405967266;38.831854502916634;41.929725412336154;46.26468719753837
3;27;14.831747655467744;12.012280606073055;46.308474690318214;1.8966660495655714;11.886556518555802;4.383344595159006;23.688497181572604;33.722661405967266;38.831854502916634;41.929725412336154;46.26468719753837
20;28;x;x;x;x;x;x;x;x;x;x;x
19;28;x;x;x;x;x;x;x;x;x;x;x
18;28;x;x;x;x;x;x;x;x;x;x;x
17;28;x;x;x;x;x;x;x;x;x;x;x
16;28;x;x;x;x;x;x;x;x;x;x;x
15;28;x;x;x;x;x;x;x;x;x;x;x
14;28;x;x;x;x;x;x;x;x;x;x;x
13;28;x;x;x;x;x;x;x;x;x;x;x
12;28;x;x;x;x;x;x;x;x;x;x;x
11;28;x;x;x;x;x;x;x;x;x;x;x
10;28;x;x;x;x;x;x;x;x;x;x;x
9;28;15.173625318765659;12.144039787307529;46.01676981310145;1.817404500113003;12.075306053366223;4.678299744796715;24.904664138688467;33.19398773999165;39.27108993349972;42.376871271525495;45.98037082768568
8;28;15.039951510457461;12.110472769526304;46.01676981310145;1.817404500113003;11.810375777843921;4.799577495470476;24.519758612889245;33.143928287168755;39.23043775359473;42.324119118749;45.979843306157896
7;28;14.725559272268612;12.091492162648224;46.01676981310145;1.817404500113003;10.89151055674846;4.557021994122953;23.749947561290803;33.03936098710857;39.14913339378474;42.2186148131961;45.97878826310233
6;28;14.725654625665365;12.091408685910777;46.01676981310145;1.817404500113003;10.89151055674846;4.557021994122953;23.749947561290803;33.03936098710857;39.14913339378474;42.2186148131961;45.97878826310233
5;28;14.875664777357466;12.083770991564737;46.01676981310145;1.817404500113003;11.35094316729619;4.604263571146727;24.904664138688467;32.98707733707849;39.10848121387975;42.165862660419606;45.97826074157462
4;28;14.842556839267347;12.007480080202871;46.01676981310145;1.817404500113003;11.810375777843921;4.6515051481705;24.519758612889245;32.9347936870484;39.06782903397476;42.11311050764319;45.977733220046844
3;28;14.844177119238287;12.005994267787768;46.01676981310145;1.817404500113003;11.810375777843921;4.6515051481705;24.519758612889245;32.9347936870484;39.06782903397476;42.11311050764319;45.977733220046844
20;29;x;x;x;x;x;x;x;x;x;x;x
19;29;x;x;x;x;x;x;x;x;x;x;x
18;29;x;x;x;x;x;x;x;x;x;x;x
17;29;x;x;x;x;x;x;x;x;x;x;x
16;29;x;x;x;x;x;x;x;x;x;x;x
15;29;x;x;x;x;x;x;x;x;x;x;x
14;29;x;x;x;x;x;x;x;x;x;x;x
13;29;x;x;x;x;x;x;x;x;x;x;x
12;29;x;x;x;x;x;x;x;x;x;x;x
11;29;x;x;x;x;x;x;x;x;x;x;x
10;29;x;x;x;x;x;x;x;x;x;x;x
9;29;15.1811103095239;12.058669336692844;45.81702536723516;1.7555037006526009;12.105035278991924;4.734491351262188;24.515106375397465;32.117876663704045;39.37190441804187;42.044780186942305;45.779302915432226
8;29;15.04468487941782;12.029266840951658;45.81702536723516;1.7555037006526009;11.508299418419957;4.9240616977454295;23.99188449211248;31.983563429104926;39.347821127145124;41.99010996693803;45.778756213232164
7;29;14.751209031090411;12.004735209079852;45.81702536723516;1.7555037006526009;10.737650442426387;4.544921004778945;22.945440725542507;31.981207202541285;39.299654545351615;41.88076952692956;45.77766280883204
6;29;14.749602301695651;12.006116127017721;45.81702536723516;1.7555037006526009;10.737650442426387;4.544921004778945;22.945440725542507;31.981207202541285;39.299654545351615;41.88076952692956;45.77766280883204
5;29;14.90286584992162;11.999337766751891;45.81702536723516;1.7555037006526009;11.122974930423172;4.721031452528208;24.515106375397465;31.980029089259467;39.27557125445487;41.82609930692529;45.77711610663206
4;29;14.856540987240239;11.925164348819333;45.81702536723516;1.7555037006526009;11.508299418419957;4.89714190027747;23.99188449211248;31.978850975977647;39.25148796355812;41.771429086921096;45.776569404431996
3;29;14.875513468316521;11.917746445158505;45.81702536723516;1.7555037006526009;11.508299418419957;4.89714190027747;23.99188449211248;31.978850975977647;39.25148796355812;41.771429086921096;45.776569404431996
9;30;15.26955097165883;12.069589162698824;46.31662085272824;1.0118192798423737;12.030802321848704;5.1350468384349135;24.152761565150676;32.58479692235958;39.544999825897555;42.215347944577864;46.27560812364673
8;30;15.138796253780898;12.034517754408832;46.31662085272824;1.0118192798423737;11.78417977826134;5.239716267122708;23.50005002286735;32.535167888558796;39.544914751499235;42.15590920677855;46.27501373626872
7;30;14.824111183117962;12.017863295867011;46.31662085272824;1.0118192798423737;10.97778159210625;4.849642506364294;22.194626938300697;32.451944636131266;39.54474460270259;42.037031731180015;46.27382496151269
6;30;14.824159019582545;12.017823023164631;46.31662085272824;1.0118192798423737;10.977781591465687;4.849642506364294;22.194626938300697;32.451944636131266;39.54474460270259;42.037031731180015;46.27382496151269
5;30;14.973262616963956;12.00966958420318;46.31662085272824;1.0118192798423737;11.380980684863513;4.89482623221;24.152761565150676;32.4103330099175;39.544659528304265;41.9775929933807;46.273230574134764
4;30;14.936631081832878;11.9344750783613;46.31662085272824;1.0118192798423737;11.78417977826134;4.940009958055706;23.50005002286735;32.368721383703736;39.544574453905945;41.91815425558148;46.27263618675675
3;30;14.93966989701773;11.931812106657649;46.31662085272824;1.0118192798423737;11.78417977826134;4.940009958055706;23.50005002286735;32.368721383703736;39.544574453905945;41.91815425558148;46.27263618675675
