LIMIT,K,MEAN_ERROR,STD_ERROR,MAX_ERROR,MIN_ERROR,MEDIAN_ERROR,25th_PERCENTILE,75th_PERCENTILE,90th_PERCENTILE,95th_PERCENTILE,99th_PERCENTILE,99.99th_PERCENTILE
0,1,x,x,x,x,x,x,x,x,x,x,x
0,2,x,x,x,x,x,x,x,x,x,x,x
0,3,x,x,x,x,x,x,x,x,x,x,x
0,4,x,x,x,x,x,x,x,x,x,x,x
0,5,x,x,x,x,x,x,x,x,x,x,x
0,6,x,x,x,x,x,x,x,x,x,x,x
0,7,x,x,x,x,x,x,x,x,x,x,x
0,8,x,x,x,x,x,x,x,x,x,x,x
0,9,x,x,x,x,x,x,x,x,x,x,x
0,10,x,x,x,x,x,x,x,x,x,x,x
0,11,x,x,x,x,x,x,x,x,x,x,x
0,12,x,x,x,x,x,x,x,x,x,x,x
0,13,x,x,x,x,x,x,x,x,x,x,x
0,14,x,x,x,x,x,x,x,x,x,x,x
0,15,x,x,x,x,x,x,x,x,x,x,x
0,16,x,x,x,x,x,x,x,x,x,x,x
0,17,x,x,x,x,x,x,x,x,x,x,x
0,18,x,x,x,x,x,x,x,x,x,x,x
0,19,x,x,x,x,x,x,x,x,x,x,x
0,20,x,x,x,x,x,x,x,x,x,x,x
0,21,x,x,x,x,x,x,x,x,x,x,x
0,22,x,x,x,x,x,x,x,x,x,x,x
0,23,x,x,x,x,x,x,x,x,x,x,x
0,24,x,x,x,x,x,x,x,x,x,x,x
0,25,x,x,x,x,x,x,x,x,x,x,x
0,26,x,x,x,x,x,x,x,x,x,x,x
0,27,x,x,x,x,x,x,x,x,x,x,x
0,28,x,x,x,x,x,x,x,x,x,x,x
0,29,x,x,x,x,x,x,x,x,x,x,x
1,1,x,x,x,x,x,x,x,x,x,x,x
1,2,x,x,x,x,x,x,x,x,x,x,x
1,3,x,x,x,x,x,x,x,x,x,x,x
1,4,x,x,x,x,x,x,x,x,x,x,x
1,5,x,x,x,x,x,x,x,x,x,x,x
1,6,x,x,x,x,x,x,x,x,x,x,x
1,7,x,x,x,x,x,x,x,x,x,x,x
1,8,x,x,x,x,x,x,x,x,x,x,x
1,9,x,x,x,x,x,x,x,x,x,x,x
1,10,x,x,x,x,x,x,x,x,x,x,x
1,11,x,x,x,x,x,x,x,x,x,x,x
1,12,x,x,x,x,x,x,x,x,x,x,x
1,13,x,x,x,x,x,x,x,x,x,x,x
1,14,x,x,x,x,x,x,x,x,x,x,x
1,15,x,x,x,x,x,x,x,x,x,x,x
1,16,x,x,x,x,x,x,x,x,x,x,x
1,17,x,x,x,x,x,x,x,x,x,x,x
1,18,x,x,x,x,x,x,x,x,x,x,x
1,19,x,x,x,x,x,x,x,x,x,x,x
1,20,x,x,x,x,x,x,x,x,x,x,x
1,21,x,x,x,x,x,x,x,x,x,x,x
1,22,x,x,x,x,x,x,x,x,x,x,x
1,23,x,x,x,x,x,x,x,x,x,x,x
1,24,x,x,x,x,x,x,x,x,x,x,x
1,25,x,x,x,x,x,x,x,x,x,x,x
1,26,x,x,x,x,x,x,x,x,x,x,x
1,27,x,x,x,x,x,x,x,x,x,x,x
1,28,x,x,x,x,x,x,x,x,x,x,x
1,29,x,x,x,x,x,x,x,x,x,x,x
2,1,x,x,x,x,x,x,x,x,x,x,x
2,2,x,x,x,x,x,x,x,x,x,x,x
2,3,x,x,x,x,x,x,x,x,x,x,x
2,4,x,x,x,x,x,x,x,x,x,x,x
2,5,x,x,x,x,x,x,x,x,x,x,x
2,6,x,x,x,x,x,x,x,x,x,x,x
2,7,x,x,x,x,x,x,x,x,x,x,x
2,8,x,x,x,x,x,x,x,x,x,x,x
2,9,x,x,x,x,x,x,x,x,x,x,x
2,10,x,x,x,x,x,x,x,x,x,x,x
2,11,x,x,x,x,x,x,x,x,x,x,x
2,12,x,x,x,x,x,x,x,x,x,x,x
2,13,x,x,x,x,x,x,x,x,x,x,x
2,14,x,x,x,x,x,x,x,x,x,x,x
2,15,x,x,x,x,x,x,x,x,x,x,x
2,16,x,x,x,x,x,x,x,x,x,x,x
2,17,x,x,x,x,x,x,x,x,x,x,x
2,18,x,x,x,x,x,x,x,x,x,x,x
2,19,x,x,x,x,x,x,x,x,x,x,x
2,20,x,x,x,x,x,x,x,x,x,x,x
2,21,x,x,x,x,x,x,x,x,x,x,x
2,22,x,x,x,x,x,x,x,x,x,x,x
2,23,x,x,x,x,x,x,x,x,x,x,x
2,24,x,x,x,x,x,x,x,x,x,x,x
2,25,x,x,x,x,x,x,x,x,x,x,x
2,26,x,x,x,x,x,x,x,x,x,x,x
2,27,x,x,x,x,x,x,x,x,x,x,x
2,28,x,x,x,x,x,x,x,x,x,x,x
2,29,x,x,x,x,x,x,x,x,x,x,x
3,1,x,x,x,x,x,x,x,x,x,x,x
3,2,x,x,x,x,x,x,x,x,x,x,x
3,3,x,x,x,x,x,x,x,x,x,x,x
3,4,x,x,x,x,x,x,x,x,x,x,x
3,5,x,x,x,x,x,x,x,x,x,x,x
3,6,x,x,x,x,x,x,x,x,x,x,x
3,7,x,x,x,x,x,x,x,x,x,x,x
3,8,x,x,x,x,x,x,x,x,x,x,x
3,9,x,x,x,x,x,x,x,x,x,x,x
3,10,x,x,x,x,x,x,x,x,x,x,x
3,11,x,x,x,x,x,x,x,x,x,x,x
3,12,x,x,x,x,x,x,x,x,x,x,x
3,13,x,x,x,x,x,x,x,x,x,x,x
3,14,x,x,x,x,x,x,x,x,x,x,x
3,15,x,x,x,x,x,x,x,x,x,x,x
3,16,x,x,x,x,x,x,x,x,x,x,x
3,17,x,x,x,x,x,x,x,x,x,x,x
3,18,x,x,x,x,x,x,x,x,x,x,x
3,19,x,x,x,x,x,x,x,x,x,x,x
3,20,x,x,x,x,x,x,x,x,x,x,x
3,21,x,x,x,x,x,x,x,x,x,x,x
3,22,x,x,x,x,x,x,x,x,x,x,x
3,23,x,x,x,x,x,x,x,x,x,x,x
3,24,x,x,x,x,x,x,x,x,x,x,x
3,25,x,x,x,x,x,x,x,x,x,x,x
3,26,x,x,x,x,x,x,x,x,x,x,x
3,27,x,x,x,x,x,x,x,x,x,x,x
3,28,x,x,x,x,x,x,x,x,x,x,x
3,29,x,x,x,x,x,x,x,x,x,x,x
4,1,x,x,x,x,x,x,x,x,x,x,x
4,2,x,x,x,x,x,x,x,x,x,x,x
4,3,x,x,x,x,x,x,x,x,x,x,x
4,4,x,x,x,x,x,x,x,x,x,x,x
4,5,x,x,x,x,x,x,x,x,x,x,x
4,6,x,x,x,x,x,x,x,x,x,x,x
4,7,x,x,x,x,x,x,x,x,x,x,x
4,8,x,x,x,x,x,x,x,x,x,x,x
4,9,x,x,x,x,x,x,x,x,x,x,x
4,10,x,x,x,x,x,x,x,x,x,x,x
4,11,x,x,x,x,x,x,x,x,x,x,x
4,12,x,x,x,x,x,x,x,x,x,x,x
4,13,x,x,x,x,x,x,x,x,x,x,x
4,14,x,x,x,x,x,x,x,x,x,x,x
4,15,x,x,x,x,x,x,x,x,x,x,x
4,16,x,x,x,x,x,x,x,x,x,x,x
4,17,x,x,x,x,x,x,x,x,x,x,x
4,18,x,x,x,x,x,x,x,x,x,x,x
4,19,x,x,x,x,x,x,x,x,x,x,x
4,20,x,x,x,x,x,x,x,x,x,x,x
4,21,x,x,x,x,x,x,x,x,x,x,x
4,22,x,x,x,x,x,x,x,x,x,x,x
4,23,x,x,x,x,x,x,x,x,x,x,x
4,24,x,x,x,x,x,x,x,x,x,x,x
4,25,x,x,x,x,x,x,x,x,x,x,x
4,26,x,x,x,x,x,x,x,x,x,x,x
4,27,x,x,x,x,x,x,x,x,x,x,x
4,28,x,x,x,x,x,x,x,x,x,x,x
4,29,x,x,x,x,x,x,x,x,x,x,x
5,1,x,x,x,x,x,x,x,x,x,x,x
5,2,x,x,x,x,x,x,x,x,x,x,x
5,3,x,x,x,x,x,x,x,x,x,x,x
5,4,x,x,x,x,x,x,x,x,x,x,x
5,5,x,x,x,x,x,x,x,x,x,x,x
5,6,x,x,x,x,x,x,x,x,x,x,x
5,7,x,x,x,x,x,x,x,x,x,x,x
5,8,x,x,x,x,x,x,x,x,x,x,x
5,9,x,x,x,x,x,x,x,x,x,x,x
5,10,x,x,x,x,x,x,x,x,x,x,x
5,11,x,x,x,x,x,x,x,x,x,x,x
5,12,x,x,x,x,x,x,x,x,x,x,x
5,13,x,x,x,x,x,x,x,x,x,x,x
5,14,x,x,x,x,x,x,x,x,x,x,x
5,15,x,x,x,x,x,x,x,x,x,x,x
5,16,x,x,x,x,x,x,x,x,x,x,x
5,17,x,x,x,x,x,x,x,x,x,x,x
5,18,x,x,x,x,x,x,x,x,x,x,x
5,19,x,x,x,x,x,x,x,x,x,x,x
5,20,x,x,x,x,x,x,x,x,x,x,x
5,21,x,x,x,x,x,x,x,x,x,x,x
5,22,x,x,x,x,x,x,x,x,x,x,x
5,23,x,x,x,x,x,x,x,x,x,x,x
5,24,x,x,x,x,x,x,x,x,x,x,x
5,25,x,x,x,x,x,x,x,x,x,x,x
5,26,x,x,x,x,x,x,x,x,x,x,x
5,27,x,x,x,x,x,x,x,x,x,x,x
5,28,x,x,x,x,x,x,x,x,x,x,x
5,29,x,x,x,x,x,x,x,x,x,x,x
6,1,x,x,x,x,x,x,x,x,x,x,x
6,2,x,x,x,x,x,x,x,x,x,x,x
6,3,x,x,x,x,x,x,x,x,x,x,x
6,4,x,x,x,x,x,x,x,x,x,x,x
6,5,x,x,x,x,x,x,x,x,x,x,x
6,6,x,x,x,x,x,x,x,x,x,x,x
6,7,x,x,x,x,x,x,x,x,x,x,x
6,8,x,x,x,x,x,x,x,x,x,x,x
6,9,x,x,x,x,x,x,x,x,x,x,x
6,10,x,x,x,x,x,x,x,x,x,x,x
6,11,x,x,x,x,x,x,x,x,x,x,x
6,12,x,x,x,x,x,x,x,x,x,x,x
6,13,x,x,x,x,x,x,x,x,x,x,x
6,14,x,x,x,x,x,x,x,x,x,x,x
6,15,x,x,x,x,x,x,x,x,x,x,x
6,16,x,x,x,x,x,x,x,x,x,x,x
6,17,x,x,x,x,x,x,x,x,x,x,x
6,18,x,x,x,x,x,x,x,x,x,x,x
6,19,x,x,x,x,x,x,x,x,x,x,x
6,20,x,x,x,x,x,x,x,x,x,x,x
6,21,x,x,x,x,x,x,x,x,x,x,x
6,22,x,x,x,x,x,x,x,x,x,x,x
6,23,x,x,x,x,x,x,x,x,x,x,x
6,24,x,x,x,x,x,x,x,x,x,x,x
6,25,x,x,x,x,x,x,x,x,x,x,x
6,26,x,x,x,x,x,x,x,x,x,x,x
6,27,x,x,x,x,x,x,x,x,x,x,x
6,28,x,x,x,x,x,x,x,x,x,x,x
6,29,x,x,x,x,x,x,x,x,x,x,x
7,1,x,x,x,x,x,x,x,x,x,x,x
7,2,x,x,x,x,x,x,x,x,x,x,x
7,3,x,x,x,x,x,x,x,x,x,x,x
7,4,x,x,x,x,x,x,x,x,x,x,x
7,5,x,x,x,x,x,x,x,x,x,x,x
7,6,x,x,x,x,x,x,x,x,x,x,x
7,7,x,x,x,x,x,x,x,x,x,x,x
7,8,x,x,x,x,x,x,x,x,x,x,x
7,9,x,x,x,x,x,x,x,x,x,x,x
7,10,x,x,x,x,x,x,x,x,x,x,x
7,11,x,x,x,x,x,x,x,x,x,x,x
7,12,x,x,x,x,x,x,x,x,x,x,x
7,13,x,x,x,x,x,x,x,x,x,x,x
7,14,x,x,x,x,x,x,x,x,x,x,x
7,15,x,x,x,x,x,x,x,x,x,x,x
7,16,x,x,x,x,x,x,x,x,x,x,x
7,17,x,x,x,x,x,x,x,x,x,x,x
7,18,x,x,x,x,x,x,x,x,x,x,x
7,19,x,x,x,x,x,x,x,x,x,x,x
7,20,x,x,x,x,x,x,x,x,x,x,x
7,21,x,x,x,x,x,x,x,x,x,x,x
7,22,x,x,x,x,x,x,x,x,x,x,x
7,23,x,x,x,x,x,x,x,x,x,x,x
7,24,x,x,x,x,x,x,x,x,x,x,x
7,25,x,x,x,x,x,x,x,x,x,x,x
7,26,x,x,x,x,x,x,x,x,x,x,x
7,27,x,x,x,x,x,x,x,x,x,x,x
7,28,x,x,x,x,x,x,x,x,x,x,x
7,29,x,x,x,x,x,x,x,x,x,x,x
8,1,x,x,x,x,x,x,x,x,x,x,x
8,2,x,x,x,x,x,x,x,x,x,x,x
8,3,x,x,x,x,x,x,x,x,x,x,x
8,4,x,x,x,x,x,x,x,x,x,x,x
8,5,x,x,x,x,x,x,x,x,x,x,x
8,6,x,x,x,x,x,x,x,x,x,x,x
8,7,x,x,x,x,x,x,x,x,x,x,x
8,8,x,x,x,x,x,x,x,x,x,x,x
8,9,x,x,x,x,x,x,x,x,x,x,x
8,10,x,x,x,x,x,x,x,x,x,x,x
8,11,x,x,x,x,x,x,x,x,x,x,x
8,12,x,x,x,x,x,x,x,x,x,x,x
8,13,x,x,x,x,x,x,x,x,x,x,x
8,14,x,x,x,x,x,x,x,x,x,x,x
8,15,x,x,x,x,x,x,x,x,x,x,x
8,16,x,x,x,x,x,x,x,x,x,x,x
8,17,x,x,x,x,x,x,x,x,x,x,x
8,18,x,x,x,x,x,x,x,x,x,x,x
8,19,x,x,x,x,x,x,x,x,x,x,x
8,20,x,x,x,x,x,x,x,x,x,x,x
8,21,x,x,x,x,x,x,x,x,x,x,x
8,22,x,x,x,x,x,x,x,x,x,x,x
8,23,x,x,x,x,x,x,x,x,x,x,x
8,24,x,x,x,x,x,x,x,x,x,x,x
8,25,x,x,x,x,x,x,x,x,x,x,x
8,26,x,x,x,x,x,x,x,x,x,x,x
8,27,x,x,x,x,x,x,x,x,x,x,x
8,28,x,x,x,x,x,x,x,x,x,x,x
8,29,x,x,x,x,x,x,x,x,x,x,x
9,1,x,x,x,x,x,x,x,x,x,x,x
9,2,x,x,x,x,x,x,x,x,x,x,x
9,3,x,x,x,x,x,x,x,x,x,x,x
9,4,x,x,x,x,x,x,x,x,x,x,x
9,5,x,x,x,x,x,x,x,x,x,x,x
9,6,x,x,x,x,x,x,x,x,x,x,x
9,7,x,x,x,x,x,x,x,x,x,x,x
9,8,x,x,x,x,x,x,x,x,x,x,x
9,9,x,x,x,x,x,x,x,x,x,x,x
9,10,x,x,x,x,x,x,x,x,x,x,x
9,11,x,x,x,x,x,x,x,x,x,x,x
9,12,x,x,x,x,x,x,x,x,x,x,x
9,13,x,x,x,x,x,x,x,x,x,x,x
9,14,x,x,x,x,x,x,x,x,x,x,x
9,15,x,x,x,x,x,x,x,x,x,x,x
9,16,x,x,x,x,x,x,x,x,x,x,x
9,17,x,x,x,x,x,x,x,x,x,x,x
9,18,x,x,x,x,x,x,x,x,x,x,x
9,19,x,x,x,x,x,x,x,x,x,x,x
9,20,x,x,x,x,x,x,x,x,x,x,x
9,21,x,x,x,x,x,x,x,x,x,x,x
9,22,x,x,x,x,x,x,x,x,x,x,x
9,23,x,x,x,x,x,x,x,x,x,x,x
9,24,x,x,x,x,x,x,x,x,x,x,x
9,25,x,x,x,x,x,x,x,x,x,x,x
9,26,x,x,x,x,x,x,x,x,x,x,x
9,27,x,x,x,x,x,x,x,x,x,x,x
9,28,x,x,x,x,x,x,x,x,x,x,x
9,29,x,x,x,x,x,x,x,x,x,x,x
10,1,x,x,x,x,x,x,x,x,x,x,x
10,2,x,x,x,x,x,x,x,x,x,x,x
10,3,x,x,x,x,x,x,x,x,x,x,x
10,4,x,x,x,x,x,x,x,x,x,x,x
10,5,x,x,x,x,x,x,x,x,x,x,x
10,6,x,x,x,x,x,x,x,x,x,x,x
10,7,x,x,x,x,x,x,x,x,x,x,x
10,8,x,x,x,x,x,x,x,x,x,x,x
10,9,x,x,x,x,x,x,x,x,x,x,x
10,10,x,x,x,x,x,x,x,x,x,x,x
10,11,x,x,x,x,x,x,x,x,x,x,x
10,12,x,x,x,x,x,x,x,x,x,x,x
10,13,x,x,x,x,x,x,x,x,x,x,x
10,14,x,x,x,x,x,x,x,x,x,x,x
10,15,x,x,x,x,x,x,x,x,x,x,x
10,16,x,x,x,x,x,x,x,x,x,x,x
10,17,x,x,x,x,x,x,x,x,x,x,x
10,18,x,x,x,x,x,x,x,x,x,x,x
10,19,x,x,x,x,x,x,x,x,x,x,x
10,20,x,x,x,x,x,x,x,x,x,x,x
10,21,x,x,x,x,x,x,x,x,x,x,x
10,22,x,x,x,x,x,x,x,x,x,x,x
10,23,x,x,x,x,x,x,x,x,x,x,x
10,24,x,x,x,x,x,x,x,x,x,x,x
10,25,x,x,x,x,x,x,x,x,x,x,x
10,26,x,x,x,x,x,x,x,x,x,x,x
10,27,x,x,x,x,x,x,x,x,x,x,x
10,28,x,x,x,x,x,x,x,x,x,x,x
10,29,x,x,x,x,x,x,x,x,x,x,x
11,1,x,x,x,x,x,x,x,x,x,x,x
11,2,x,x,x,x,x,x,x,x,x,x,x
11,3,x,x,x,x,x,x,x,x,x,x,x
11,4,x,x,x,x,x,x,x,x,x,x,x
11,5,x,x,x,x,x,x,x,x,x,x,x
11,6,x,x,x,x,x,x,x,x,x,x,x
11,7,x,x,x,x,x,x,x,x,x,x,x
11,8,x,x,x,x,x,x,x,x,x,x,x
11,9,x,x,x,x,x,x,x,x,x,x,x
11,10,x,x,x,x,x,x,x,x,x,x,x
11,11,x,x,x,x,x,x,x,x,x,x,x
11,12,x,x,x,x,x,x,x,x,x,x,x
11,13,x,x,x,x,x,x,x,x,x,x,x
11,14,x,x,x,x,x,x,x,x,x,x,x
11,15,x,x,x,x,x,x,x,x,x,x,x
11,16,x,x,x,x,x,x,x,x,x,x,x
11,17,x,x,x,x,x,x,x,x,x,x,x
11,18,x,x,x,x,x,x,x,x,x,x,x
11,19,x,x,x,x,x,x,x,x,x,x,x
11,20,x,x,x,x,x,x,x,x,x,x,x
11,21,x,x,x,x,x,x,x,x,x,x,x
11,22,x,x,x,x,x,x,x,x,x,x,x
11,23,x,x,x,x,x,x,x,x,x,x,x
11,24,x,x,x,x,x,x,x,x,x,x,x
11,25,x,x,x,x,x,x,x,x,x,x,x
11,26,x,x,x,x,x,x,x,x,x,x,x
11,27,x,x,x,x,x,x,x,x,x,x,x
11,28,x,x,x,x,x,x,x,x,x,x,x
11,29,x,x,x,x,x,x,x,x,x,x,x
12,1,x,x,x,x,x,x,x,x,x,x,x
12,2,x,x,x,x,x,x,x,x,x,x,x
12,3,x,x,x,x,x,x,x,x,x,x,x
12,4,x,x,x,x,x,x,x,x,x,x,x
12,5,x,x,x,x,x,x,x,x,x,x,x
12,6,x,x,x,x,x,x,x,x,x,x,x
12,7,x,x,x,x,x,x,x,x,x,x,x
12,8,x,x,x,x,x,x,x,x,x,x,x
12,9,x,x,x,x,x,x,x,x,x,x,x
12,10,x,x,x,x,x,x,x,x,x,x,x
12,11,x,x,x,x,x,x,x,x,x,x,x
12,12,x,x,x,x,x,x,x,x,x,x,x
12,13,x,x,x,x,x,x,x,x,x,x,x
12,14,x,x,x,x,x,x,x,x,x,x,x
12,15,x,x,x,x,x,x,x,x,x,x,x
12,16,x,x,x,x,x,x,x,x,x,x,x
12,17,x,x,x,x,x,x,x,x,x,x,x
12,18,x,x,x,x,x,x,x,x,x,x,x
12,19,x,x,x,x,x,x,x,x,x,x,x
12,20,x,x,x,x,x,x,x,x,x,x,x
12,21,x,x,x,x,x,x,x,x,x,x,x
12,22,x,x,x,x,x,x,x,x,x,x,x
12,23,x,x,x,x,x,x,x,x,x,x,x
12,24,x,x,x,x,x,x,x,x,x,x,x
12,25,x,x,x,x,x,x,x,x,x,x,x
12,26,x,x,x,x,x,x,x,x,x,x,x
12,27,x,x,x,x,x,x,x,x,x,x,x
12,28,x,x,x,x,x,x,x,x,x,x,x
12,29,x,x,x,x,x,x,x,x,x,x,x
13,1,x,x,x,x,x,x,x,x,x,x,x
13,2,x,x,x,x,x,x,x,x,x,x,x
13,3,x,x,x,x,x,x,x,x,x,x,x
13,4,x,x,x,x,x,x,x,x,x,x,x
13,5,x,x,x,x,x,x,x,x,x,x,x
13,6,x,x,x,x,x,x,x,x,x,x,x
13,7,x,x,x,x,x,x,x,x,x,x,x
13,8,x,x,x,x,x,x,x,x,x,x,x
13,9,x,x,x,x,x,x,x,x,x,x,x
13,10,x,x,x,x,x,x,x,x,x,x,x
13,11,x,x,x,x,x,x,x,x,x,x,x
13,12,x,x,x,x,x,x,x,x,x,x,x
13,13,x,x,x,x,x,x,x,x,x,x,x
13,14,x,x,x,x,x,x,x,x,x,x,x
13,15,x,x,x,x,x,x,x,x,x,x,x
13,16,x,x,x,x,x,x,x,x,x,x,x
13,17,x,x,x,x,x,x,x,x,x,x,x
13,18,x,x,x,x,x,x,x,x,x,x,x
13,19,x,x,x,x,x,x,x,x,x,x,x
13,20,x,x,x,x,x,x,x,x,x,x,x
13,21,x,x,x,x,x,x,x,x,x,x,x
13,22,x,x,x,x,x,x,x,x,x,x,x
13,23,x,x,x,x,x,x,x,x,x,x,x
13,24,x,x,x,x,x,x,x,x,x,x,x
13,25,x,x,x,x,x,x,x,x,x,x,x
13,26,x,x,x,x,x,x,x,x,x,x,x
13,27,x,x,x,x,x,x,x,x,x,x,x
13,28,x,x,x,x,x,x,x,x,x,x,x
13,29,x,x,x,x,x,x,x,x,x,x,x
14,1,x,x,x,x,x,x,x,x,x,x,x
14,2,x,x,x,x,x,x,x,x,x,x,x
14,3,x,x,x,x,x,x,x,x,x,x,x
14,4,x,x,x,x,x,x,x,x,x,x,x
14,5,x,x,x,x,x,x,x,x,x,x,x
14,6,x,x,x,x,x,x,x,x,x,x,x
14,7,x,x,x,x,x,x,x,x,x,x,x
14,8,x,x,x,x,x,x,x,x,x,x,x
14,9,x,x,x,x,x,x,x,x,x,x,x
14,10,x,x,x,x,x,x,x,x,x,x,x
14,11,x,x,x,x,x,x,x,x,x,x,x
14,12,x,x,x,x,x,x,x,x,x,x,x
14,13,x,x,x,x,x,x,x,x,x,x,x
14,14,x,x,x,x,x,x,x,x,x,x,x
14,15,x,x,x,x,x,x,x,x,x,x,x
14,16,x,x,x,x,x,x,x,x,x,x,x
14,17,x,x,x,x,x,x,x,x,x,x,x
14,18,x,x,x,x,x,x,x,x,x,x,x
14,19,x,x,x,x,x,x,x,x,x,x,x
14,20,x,x,x,x,x,x,x,x,x,x,x
14,21,x,x,x,x,x,x,x,x,x,x,x
14,22,x,x,x,x,x,x,x,x,x,x,x
14,23,x,x,x,x,x,x,x,x,x,x,x
14,24,x,x,x,x,x,x,x,x,x,x,x
14,25,x,x,x,x,x,x,x,x,x,x,x
14,26,x,x,x,x,x,x,x,x,x,x,x
14,27,x,x,x,x,x,x,x,x,x,x,x
14,28,x,x,x,x,x,x,x,x,x,x,x
14,29,x,x,x,x,x,x,x,x,x,x,x
15,1,x,x,x,x,x,x,x,x,x,x,x
15,2,x,x,x,x,x,x,x,x,x,x,x
15,3,x,x,x,x,x,x,x,x,x,x,x
15,4,x,x,x,x,x,x,x,x,x,x,x
15,5,x,x,x,x,x,x,x,x,x,x,x
15,6,x,x,x,x,x,x,x,x,x,x,x
15,7,x,x,x,x,x,x,x,x,x,x,x
15,8,x,x,x,x,x,x,x,x,x,x,x
15,9,x,x,x,x,x,x,x,x,x,x,x
15,10,x,x,x,x,x,x,x,x,x,x,x
15,11,x,x,x,x,x,x,x,x,x,x,x
15,12,x,x,x,x,x,x,x,x,x,x,x
15,13,x,x,x,x,x,x,x,x,x,x,x
15,14,x,x,x,x,x,x,x,x,x,x,x
15,15,x,x,x,x,x,x,x,x,x,x,x
15,16,x,x,x,x,x,x,x,x,x,x,x
15,17,x,x,x,x,x,x,x,x,x,x,x
15,18,x,x,x,x,x,x,x,x,x,x,x
15,19,x,x,x,x,x,x,x,x,x,x,x
15,20,x,x,x,x,x,x,x,x,x,x,x
15,21,x,x,x,x,x,x,x,x,x,x,x
15,22,x,x,x,x,x,x,x,x,x,x,x
15,23,x,x,x,x,x,x,x,x,x,x,x
15,24,x,x,x,x,x,x,x,x,x,x,x
15,25,x,x,x,x,x,x,x,x,x,x,x
15,26,x,x,x,x,x,x,x,x,x,x,x
15,27,x,x,x,x,x,x,x,x,x,x,x
15,28,x,x,x,x,x,x,x,x,x,x,x
15,29,x,x,x,x,x,x,x,x,x,x,x
16,1,x,x,x,x,x,x,x,x,x,x,x
16,2,x,x,x,x,x,x,x,x,x,x,x
16,3,x,x,x,x,x,x,x,x,x,x,x
16,4,x,x,x,x,x,x,x,x,x,x,x
16,5,x,x,x,x,x,x,x,x,x,x,x
16,6,x,x,x,x,x,x,x,x,x,x,x
16,7,x,x,x,x,x,x,x,x,x,x,x
16,8,x,x,x,x,x,x,x,x,x,x,x
16,9,x,x,x,x,x,x,x,x,x,x,x
16,10,x,x,x,x,x,x,x,x,x,x,x
16,11,x,x,x,x,x,x,x,x,x,x,x
16,12,x,x,x,x,x,x,x,x,x,x,x
16,13,x,x,x,x,x,x,x,x,x,x,x
16,14,x,x,x,x,x,x,x,x,x,x,x
16,15,x,x,x,x,x,x,x,x,x,x,x
16,16,x,x,x,x,x,x,x,x,x,x,x
16,17,x,x,x,x,x,x,x,x,x,x,x
16,18,x,x,x,x,x,x,x,x,x,x,x
16,19,x,x,x,x,x,x,x,x,x,x,x
16,20,x,x,x,x,x,x,x,x,x,x,x
16,21,x,x,x,x,x,x,x,x,x,x,x
16,22,x,x,x,x,x,x,x,x,x,x,x
16,23,x,x,x,x,x,x,x,x,x,x,x
16,24,x,x,x,x,x,x,x,x,x,x,x
16,25,x,x,x,x,x,x,x,x,x,x,x
16,26,x,x,x,x,x,x,x,x,x,x,x
16,27,x,x,x,x,x,x,x,x,x,x,x
16,28,x,x,x,x,x,x,x,x,x,x,x
16,29,x,x,x,x,x,x,x,x,x,x,x
17,1,13.63571973009923,9.71985180623052,38.60801208955721,0.41335362167446454,13.723556595850056,5.1940785572082895,20.829442873994047,24.530006675166362,31.84643417418016,37.022852480903616,38.59216049347065
17,2,x,x,x,x,x,x,x,x,x,x,x
17,3,x,x,x,x,x,x,x,x,x,x,x
17,4,x,x,x,x,x,x,x,x,x,x,x
17,5,x,x,x,x,x,x,x,x,x,x,x
17,6,x,x,x,x,x,x,x,x,x,x,x
17,7,x,x,x,x,x,x,x,x,x,x,x
17,8,x,x,x,x,x,x,x,x,x,x,x
17,9,x,x,x,x,x,x,x,x,x,x,x
17,10,x,x,x,x,x,x,x,x,x,x,x
17,11,x,x,x,x,x,x,x,x,x,x,x
17,12,x,x,x,x,x,x,x,x,x,x,x
17,13,x,x,x,x,x,x,x,x,x,x,x
17,14,x,x,x,x,x,x,x,x,x,x,x
17,15,x,x,x,x,x,x,x,x,x,x,x
17,16,x,x,x,x,x,x,x,x,x,x,x
17,17,x,x,x,x,x,x,x,x,x,x,x
17,18,x,x,x,x,x,x,x,x,x,x,x
17,19,x,x,x,x,x,x,x,x,x,x,x
17,20,x,x,x,x,x,x,x,x,x,x,x
17,21,x,x,x,x,x,x,x,x,x,x,x
17,22,x,x,x,x,x,x,x,x,x,x,x
17,23,x,x,x,x,x,x,x,x,x,x,x
17,24,x,x,x,x,x,x,x,x,x,x,x
17,25,x,x,x,x,x,x,x,x,x,x,x
17,26,x,x,x,x,x,x,x,x,x,x,x
17,27,x,x,x,x,x,x,x,x,x,x,x
17,28,x,x,x,x,x,x,x,x,x,x,x
17,29,x,x,x,x,x,x,x,x,x,x,x
18,1,15.38608088210243,13.43212113094565,70.28885352454152,0.41335362167446454,14.9857772629138,5.1940785572082895,21.02133913309195,29.560761437997034,36.522548236526134,62.1117866501156,70.20708285579715
18,2,13.245482167855487,10.300226950526394,37.89236037968352,0.41335362167446454,10.326712469673346,4.615183474442191,20.328724381980695,28.64631533499118,34.04839073445188,37.05850368204505,37.88402181270712
18,3,x,x,x,x,x,x,x,x,x,x,x
18,4,x,x,x,x,x,x,x,x,x,x,x
18,5,x,x,x,x,x,x,x,x,x,x,x
18,6,x,x,x,x,x,x,x,x,x,x,x
18,7,x,x,x,x,x,x,x,x,x,x,x
18,8,x,x,x,x,x,x,x,x,x,x,x
18,9,x,x,x,x,x,x,x,x,x,x,x
18,10,x,x,x,x,x,x,x,x,x,x,x
18,11,x,x,x,x,x,x,x,x,x,x,x
18,12,x,x,x,x,x,x,x,x,x,x,x
18,13,x,x,x,x,x,x,x,x,x,x,x
18,14,x,x,x,x,x,x,x,x,x,x,x
18,15,x,x,x,x,x,x,x,x,x,x,x
18,16,x,x,x,x,x,x,x,x,x,x,x
18,17,x,x,x,x,x,x,x,x,x,x,x
18,18,x,x,x,x,x,x,x,x,x,x,x
18,19,x,x,x,x,x,x,x,x,x,x,x
18,20,x,x,x,x,x,x,x,x,x,x,x
18,21,x,x,x,x,x,x,x,x,x,x,x
18,22,x,x,x,x,x,x,x,x,x,x,x
18,23,x,x,x,x,x,x,x,x,x,x,x
18,24,x,x,x,x,x,x,x,x,x,x,x
18,25,x,x,x,x,x,x,x,x,x,x,x
18,26,x,x,x,x,x,x,x,x,x,x,x
18,27,x,x,x,x,x,x,x,x,x,x,x
18,28,x,x,x,x,x,x,x,x,x,x,x
18,29,x,x,x,x,x,x,x,x,x,x,x
19,1,14.408330940108039,13.497470138513565,73.6430334957517,0.41335362167446454,11.926219603324814,5.1940785572082895,20.41988381232325,24.86441089531597,33.53309944611196,63.82241843543278,73.54482734514838
19,2,13.68852591200371,12.657564837661617,73.6430334957517,0.41335362167446454,10.609290973351916,4.615183474442191,20.328724381980695,27.2315072941792,31.338344899736974,55.29134697123975,73.45951663050634
19,3,13.01300015342825,11.005686615019936,54.69709981337777,0.5732379381000555,8.713065300999814,4.9181103706144755,19.480480536350527,26.57937523242675,31.87461243158006,45.94960012666809,54.60962481651056
19,4,12.823101720522299,11.390099703794515,58.00667446028284,0.2761754767247675,8.649118980108176,4.256132108870459,16.72560407583779,26.12548179461166,33.97679641288714,47.83064194311649,57.90491413511104
19,5,13.012200517109811,10.47651123124193,46.317710864059315,1.167101948327459,10.103439928486303,4.330229051179944,18.15455653910572,26.11894590064463,33.438466347785166,41.45132670307152,46.26904702244937
19,6,13.010209671755769,10.349307461935894,41.68404455073182,1.2294828460143854,9.86508030054891,4.637494799211692,18.08913119923948,26.79208217383777,33.34420182408392,38.97396252045688,41.656943730429035
19,7,12.628887291102899,10.145296546344632,38.931817857381695,0.9000029455237625,9.266551558755289,4.24836492952693,18.501453840253753,27.97891153744313,33.058056902139604,37.85945906847921,38.921094269492656
19,8,x,x,x,x,x,x,x,x,x,x,x
19,9,x,x,x,x,x,x,x,x,x,x,x
19,10,x,x,x,x,x,x,x,x,x,x,x
19,11,x,x,x,x,x,x,x,x,x,x,x
19,12,x,x,x,x,x,x,x,x,x,x,x
19,13,x,x,x,x,x,x,x,x,x,x,x
19,14,x,x,x,x,x,x,x,x,x,x,x
19,15,x,x,x,x,x,x,x,x,x,x,x
19,16,x,x,x,x,x,x,x,x,x,x,x
19,17,x,x,x,x,x,x,x,x,x,x,x
19,18,x,x,x,x,x,x,x,x,x,x,x
19,19,x,x,x,x,x,x,x,x,x,x,x
19,20,x,x,x,x,x,x,x,x,x,x,x
19,21,x,x,x,x,x,x,x,x,x,x,x
19,22,x,x,x,x,x,x,x,x,x,x,x
19,23,x,x,x,x,x,x,x,x,x,x,x
19,24,x,x,x,x,x,x,x,x,x,x,x
19,25,x,x,x,x,x,x,x,x,x,x,x
19,26,x,x,x,x,x,x,x,x,x,x,x
19,27,x,x,x,x,x,x,x,x,x,x,x
19,28,x,x,x,x,x,x,x,x,x,x,x
19,29,x,x,x,x,x,x,x,x,x,x,x
20,1,15.151975618716845,13.553330341495386,68.86040874179692,0.41335362167446454,13.723556595850056,5.557221619219817,20.829442873994047,29.560761437997034,39.675450587092634,61.38327981091585,68.785637452488
20,2,13.937686145755043,13.205578711164302,68.86040874179692,0.41335362167446454,9.938510641311742,5.036265183747957,20.328724381980695,27.2315072941792,33.12100026375889,61.38327981091585,68.785637452488
20,3,14.19912949694199,13.495622728157775,70.42583803329856,0.5732379381000555,8.364180392776182,5.6202069780736,19.78140421433885,28.608608172686594,35.55228220784416,62.18164874958168,70.34339614046128
20,4,14.225964553919061,13.64438572291481,71.21970633417016,0.2761754767247675,9.184190779376525,4.761906674915939,17.08782373179367,27.948968548461043,37.06678549886024,62.5865215830262,71.13337448665861
20,5,13.704929160051686,12.082194059487811,59.89790028909633,1.167101948327459,10.103439928486303,4.599980070442711,18.15455653910572,28.147218990215286,35.55880924689915,51.96755813889456,59.81859686759421
20,6,13.595403884878872,12.259867741700502,61.44765186795773,1.2294828460143854,9.41182062974941,4.773993442185809,18.08913119923948,26.79208217383777,35.48503161730427,53.515043704997545,61.36832578632803
20,7,12.928927540674987,11.199827389638795,52.60822879770188,0.9000029455237625,9.266551558755289,4.24836492952693,18.325013578847773,28.018367775085718,35.64467766641176,45.274672337635295,52.534893233101116
20,8,12.93656702471729,10.919653140299202,48.06210085732319,0.9017108056718736,8.493388741602196,4.521211826142587,18.47528136001891,28.201155005896812,35.768343720535356,43.88024138961518,48.020282262646056
20,9,12.77152468729664,10.208688252352163,43.26546055808425,0.7971527601158775,8.799790769100992,5.166781907957015,19.00075199741831,27.35638502719938,33.27221107221578,39.60431233708279,43.22884907587419
20,10,12.881082971653962,10.125063742055705,46.3166800001647,1.2525140578733442,8.994497938961121,5.63872682046551,18.978630762931655,25.769138910809996,31.999130539480365,41.40262719063831,46.26753947206937
20,11,13.00137598366673,10.428735380014231,48.091799573703405,1.1690120729867028,9.68025032549077,5.20940057351361,18.3134196009904,26.266342319186837,33.993054795155764,42.214507036223125,48.03302664832852
20,12,13.068797397140942,10.713225071027056,49.62797389844838,1.0370219932636842,9.410066884186202,4.9770942952214385,18.5810650602254,25.935415408588444,35.292813306368295,43.56441802456974,49.567338339709515
20,13,13.360333710918669,11.00813947029391,50.383962369155135,1.4054599242638095,9.782000698733867,4.899655025446422,18.815437735255607,26.349217968968443,35.569617262841334,45.2369116033509,50.332491861497026
20,14,13.494516673077854,11.24114108407184,51.072347553189545,1.2121146541695718,10.143892076120716,5.313426393092426,19.326370068333212,26.809499283356462,35.87696444514614,46.696051709958226,51.02858459475718
20,15,13.668919267549361,11.539818336042405,52.18534644059282,1.3269715626348664,9.831989406577815,5.018737196044721,19.482395747839323,27.32448354126182,36.37060462523871,48.27213738542097,52.14621435004105
20,16,13.709115584595972,11.688289287933591,51.90514326197042,1.3143355500596992,10.390409825695977,4.807674743224835,19.587154408447603,27.569162562098832,36.81369217242403,49.359832805128136,51.87969015740197
20,17,13.473608004928158,11.670241400705974,51.69865526921765,1.1967584897633587,9.961426214949391,4.671996623800633,19.2773059777673,27.312628367648998,35.64979863364082,50.29228297892394,51.6845915463147
20,18,13.46068020071644,11.856440097796158,52.91251288742619,1.1725893446357394,9.867379995889547,4.7063476340415455,19.25428650052442,26.46948580771329,35.49606624767908,51.90210015258821,52.9024087600778
20,19,13.476331439617145,11.718921494785862,53.999312894324206,1.1624763606951165,9.904467693666728,4.406730463622756,19.202594390241014,26.10445712989138,34.607646893673895,51.11798242403688,53.9704995896213
20,20,13.492796842934997,11.891504153622348,54.72457640997166,1.162928889816101,9.936055830046012,4.337067981300038,19.335413985203765,25.323033569760856,34.86847067519484,52.399860529825865,54.70132925117017
20,21,13.442339023524125,11.817618551101088,55.38276848953402,1.0923661964841676,9.716668276578584,3.8708090260827652,19.996338448126718,25.303518123364306,35.07962875906497,51.544663754763306,55.34438744218627
20,22,x,x,x,x,x,x,x,x,x,x,x
20,23,x,x,x,x,x,x,x,x,x,x,x
20,24,x,x,x,x,x,x,x,x,x,x,x
20,25,x,x,x,x,x,x,x,x,x,x,x
20,26,x,x,x,x,x,x,x,x,x,x,x
20,27,x,x,x,x,x,x,x,x,x,x,x
20,28,x,x,x,x,x,x,x,x,x,x,x
20,29,x,x,x,x,x,x,x,x,x,x,x
21,1,15.251820731285203,12.042970750866962,53.60096194408052,0.41335362167446454,14.9857772629138,5.715151519403305,21.02133913309195,29.979583816421936,39.675450587092634,49.47256615631792,53.559677986202836
21,2,14.406178778938909,12.218016459833525,53.60096194408052,0.41335362167446454,11.067119481730996,5.1940785572082895,20.328724381980695,28.64631533499118,40.043379378785815,50.91152448963849,53.57406756953606
21,3,14.161578837113797,12.49911715968484,53.82023864789111,0.5732379381000555,9.452666315899844,5.875660971940394,19.78140421433885,29.777003956907816,37.296785078026666,53.712793063023916,53.819164192042436
21,4,13.971034125678408,12.41629164534242,57.20765809014719,0.2761754767247675,10.636221641176887,4.7646573877844025,17.08782373179367,27.534108252679133,37.06678549886024,55.44037697857451,57.18998527903144
21,5,13.627518648949014,11.344231833631346,55.44547321268588,1.167101948327459,10.398961131562288,5.4297357209932695,18.15455653910572,26.072818732003377,35.55880924689915,48.29528695223516,55.373971350081284
21,6,13.236593456114822,11.278513886078734,57.65010790359552,1.2294828460143854,9.75122870800437,4.773993442185809,18.08913119923948,26.32591461769787,34.08216465158098,47.11665483041733,57.5447733728636
21,7,12.989474511385367,11.58970709555338,59.934357070759795,0.9000029455237625,9.266551558755289,4.24836492952693,18.325013578847773,28.018367775085718,33.38365980173602,49.01099775689482,59.825123477621005
21,8,12.93645402556229,11.508822567798857,61.64766270809675,0.9017108056718736,8.493388741602196,4.510627237288723,18.47528136001891,28.201155005896812,31.94753400435334,49.021597218187914,61.521402053197505
21,9,13.1829702314666,11.673819149086116,62.98029818053131,0.7971527601158775,8.927872502117271,4.873605414037763,19.00075199741831,27.35638502719938,33.1604573740632,49.65887952453075,62.84708399397113
21,10,13.048459180539997,10.89606171789132,58.162797558635404,1.2525140578733442,9.415235933671193,5.19726051135625,18.978630762931655,25.31219441208296,31.707055971445314,47.444147145458345,58.055611054503494
21,11,12.987700788038778,10.82889705829677,59.17596423978093,1.1690120729867028,9.540887648561569,5.466594727360199,18.3134196009904,25.314639098133416,30.91766074782089,47.86743101592264,59.0628789075422
21,12,12.943754932638592,10.924347058631223,60.03611597351133,1.0370219932636842,9.241294765774496,4.833901686610091,18.5810650602254,24.887676759270576,30.524009270043255,48.23688722604693,59.91812368603653
21,13,13.004240900587977,10.677733029451577,55.38523715646826,1.4054599242638095,9.706539149970233,4.731041936565255,18.806151520800025,25.38578160101614,32.30947642147944,45.86843502764453,55.2900691351799
21,14,13.03383115583528,10.591287100218608,52.51414350241435,1.2121146541695718,9.867187256082765,5.199043004894078,19.13769584889362,24.897579779179416,34.10871406585687,44.374069671284346,52.43274276410295
21,15,13.060659328799636,10.593724100235299,49.24935793768968,1.374765493639781,9.801403415565357,4.939677244274247,19.325581005077503,25.922434417211473,35.301224186833124,42.899697131443894,49.18586132962714
21,16,13.118663805696738,10.768432891724478,50.53844220253421,1.2459574076563575,10.390409825695977,4.578259552728365,19.587154408447603,26.50652032798706,34.92234759124597,43.89433962484075,50.472001176757196
21,17,13.018131151526427,10.903256069218314,51.53490379624292,1.174543934160634,9.829105792647107,4.45518493277836,18.90916886132004,26.825918435140657,33.95306861210236,45.41063123160631,51.47366107059648
21,18,13.007995451668545,11.06242748906382,52.431741006299134,1.1725893446357394,9.867379995889547,4.319397891041002,19.05317649742114,25.959392465065097,34.18115308549446,46.799659468080655,52.37542019091688
21,19,13.152503828242741,11.254831632913973,52.85857225587795,1.1624763606951165,9.801504842095092,4.404537459984721,19.360488868128613,25.53872730811591,34.56399818481326,48.15995965521402,52.81158612987125
21,20,13.213069973579282,11.396828821207407,53.25558065872869,1.162928889816101,9.579587847557736,4.421104096466082,19.266941347320245,24.841587943217633,34.86847067519484,49.37162790803371,53.21674113122169
21,21,13.254504709959079,11.54170330027116,53.62504289454713,1.0923661964841676,9.235296099921896,4.430243548146048,19.191846359765137,24.925970838234498,35.07962875906497,50.50087404008586,53.593801206002475
21,22,13.185084075630096,11.459057230925312,53.969204838090384,1.0149775366006244,9.257241488150742,4.339317546242597,19.25157391770513,25.02007001640349,35.21646960535737,49.600294839815525,53.92551573810758
21,23,13.277397218242744,11.594963700658756,54.290201070001075,0.9536454198540733,9.336839104152581,4.173755655575827,19.3879071183689,25.33155689566077,35.07265213729631,50.629864865122606,54.253597707952245
21,24,13.318462217464385,11.658490071140175,54.590017020213125,0.7712649211099547,9.195440210181257,4.3319231321312,19.14677779690428,25.24095113524054,35.1694534288784,50.82643787117426,54.55238122872269
21,25,13.329116369718509,11.623373938863843,55.14762978964242,0.939387893930242,9.890616063159882,4.511290191454213,18.827007875686903,25.65559101871527,35.40081289304642,50.17056652891502,55.09785915703508
21,26,13.38363990675423,11.75152386054282,55.66355445467198,0.7950033226757202,9.700874132106613,4.605408142145642,18.69091423638018,26.408598113752294,35.61883691762145,50.51631545385477,55.612082064663745
21,27,13.365371819844192,11.664059124599873,55.429275623341745,0.7820894589252491,10.121230562785044,4.644469755501691,18.420513147627958,26.77180879741423,35.48987257672435,49.6151757783473,55.371134624891724
21,28,13.334253295214992,11.770944073599145,55.22212258927879,1.1436096523090804,9.828241553745801,4.555258281107616,18.253697055032358,26.664476480607597,35.25114594022793,50.24535041289547,55.17235486751489
21,29,13.422953876377719,11.886175360733846,55.03835333040951,0.9782759407393915,9.830119529645795,4.565962552292133,18.51855258379628,26.878408110319313,35.68227921372229,50.813447425170665,54.99610427135706
22,1,15.428462905815087,11.925931946224571,53.60096194408052,0.41335362167446454,14.9857772629138,6.190336608166325,21.02133913309195,29.979583816421936,39.675450587092634,49.47256615631792,53.559677986202836
22,2,14.60024788831952,12.131789080407096,53.60096194408052,0.41335362167446454,11.340019493345348,5.1940785572082895,20.328724381980695,28.64631533499118,40.043379378785815,50.91152448963849,53.57406756953606
22,3,14.18278917285632,12.607377433298872,58.9495525788339,0.5732379381000555,9.223732654763403,5.875660971940394,19.78140421433885,29.535061521761687,35.55228220784416,56.32874316780473,58.92334448472358
22,4,14.131136565088507,12.616243850078561,59.39973793818031,0.2761754767247675,11.5306159750616,4.7646573877844025,17.08782373179367,27.76465651844031,37.06678549886024,56.5583377010714,59.37132393580918
22,5,13.803895142828603,11.691907027486328,60.370386047734414,1.167101948327459,10.3849163874234,4.623892477289669,18.15455653910572,26.072818732003377,35.55880924689915,50.8069924981099,60.27475211223805
22,6,13.363962338797286,11.206277167938119,57.70363277386912,1.2294828460143854,10.663518490802709,4.8381705288864545,18.08913119923948,26.248043705826877,34.08216465158098,47.14395251425687,57.59803597127286
22,7,12.926685112138506,11.169648126223134,59.07953965112463,0.9000029455237625,10.529597130425252,4.243103169357277,18.325013578847773,28.018367775085718,29.874156809647392,47.76797361917018,58.966423990804934
22,8,12.98217223987092,11.285978428731703,60.83125423207262,0.9017108056718736,9.912512258658364,4.517617201341599,18.47528136001891,27.52281859766371,31.466523966999723,48.60522889541561,60.70899397870589
22,9,13.078248490953033,11.179775227056528,62.209710587902876,0.7971527601158775,9.504842292400944,5.191837771218216,19.00075199741831,25.23222798998263,30.214539469333502,49.265879852290254,62.08027228054658
22,10,13.288718519125577,11.289153581601845,63.32188627355862,1.2525140578733442,10.007265174132108,5.8090011503991725,18.915848221100163,25.36847672062097,31.95317271391932,50.07528239006918,63.189420234723556
22,11,13.235530372284082,10.902937647580897,59.12429355184314,1.1690120729867028,10.57340967305197,5.466594727360199,18.59305314528768,25.92945125497965,31.310029704918524,47.84107896507436,59.011461405975304
22,12,13.209452241631991,10.799869387226963,55.51451183771231,1.0370219932636842,10.065948129378889,5.398432598679265,18.84082244108066,25.739352328993956,33.19026072317558,45.930869116789445,55.41867541050296
22,13,13.246358477777475,10.842747022153,56.53994049014475,1.4054599242638095,10.072312041748969,4.916844748335403,19.12048642839298,25.90333500214817,32.561360371547096,46.45733372781954,56.43911442252137
22,14,13.22911062902571,10.793391342600534,57.43672581554813,1.2121146541695718,10.202501266187351,5.455204039897474,19.486935628782177,25.638197641721636,32.189221626045246,46.88458665098256,57.331204423902335
22,15,13.14674693108051,10.544510792961963,53.57884679001025,1.374765493639781,9.801403415565357,5.347202170442451,19.38637086128282,25.272236796442275,31.686285272334004,45.107736446127376,53.49413568657131
22,16,12.979602844096755,10.33850443294281,51.237932118252346,1.2459574076563575,10.390409825695977,5.609507479066256,19.587154408447603,25.085529030464397,31.805923335170764,43.60832045782532,51.16163600164798
22,17,12.890003981615957,10.372535916336545,51.35832510946311,1.174543934160634,9.858193460950712,5.044698386240672,18.438375710441804,24.674175809400293,31.766859532571928,43.59724183098079,51.28071427667819
22,18,12.854606782681252,10.313992155475763,48.704707898635185,1.1725893446357394,9.867379995889547,5.011952372746995,18.411166480357966,24.940575556938256,33.59544041779831,42.179755219456254,48.63945837184331
22,19,12.93487325829499,10.554168870306993,49.81033773259789,1.1624763606951165,9.64311735378646,4.5638603297554186,18.874395200525377,25.104733694048623,34.30029418258404,43.324729136786274,49.74548164663969
22,20,13.064342923843382,10.727440724851672,50.96797363475198,1.162928889816101,10.222881550563681,4.414224958747478,18.93186185528205,24.63015174399845,34.61873096472386,44.773510146329244,50.90602899986767
22,21,13.061390714633427,10.810085564501248,50.58833188793732,1.0923661964841676,10.105481851661057,4.220079403221011,18.983930282017393,24.72473267719689,34.83543885176374,45.35800995668803,50.53602866862476
22,22,13.0060488484148,10.850464620559421,50.74532094983142,1.0149775366006244,10.062907430185792,4.386591589100525,18.274334977588325,24.2973349062567,34.97761536880357,46.17407589265837,50.699608499259625
22,23,13.126357802850121,10.947160022317087,50.904147405908745,0.9536454198540733,10.011857854941404,4.301839494125385,17.857548579244103,24.649580911904813,34.835678705421486,47.18844606300595,50.86699039247967
22,24,13.126217187692758,11.11062795590136,51.628755586225104,0.7712649211099547,9.655978648745645,4.5005387150938985,17.75341533417629,24.63609280635621,34.97168371854837,48.427232649407195,51.596740356856884
22,25,13.150166983482384,11.270125646232842,52.297768769945975,0.939387893930242,9.512077877652061,4.922251690713892,17.736921677257236,25.01264295322001,35.237048196724125,49.58653149814469,52.270656397227924
22,26,13.259180124671476,11.435457753992113,52.64728345668289,0.7950033226757202,10.339381176530328,5.167706120347997,18.402580478012382,25.731018198279795,35.455813500889455,50.50275132489273,52.625838135364965
22,27,13.182296846011365,11.343951508091147,52.97533778222982,0.7820894589252491,10.381463218508848,5.060484516907344,18.340407458083757,26.055440354581577,35.32794950355653,49.77353389834207,52.9433197433909
22,28,13.278299170408008,11.453497213747097,53.28370281180128,1.1436096523090804,10.133054794741831,4.892142019218398,18.253697055032358,25.922032676254833,35.211627806488956,50.62182479390353,53.25708403162226
22,29,13.325124733907023,11.473162365600038,53.57398542347728,0.9782759407393915,9.929636177240212,4.9767912062247035,18.4520247577033,26.22075347059512,35.10542071142923,50.75687191827013,53.54581428842518
23,1,15.536857101298288,11.057399384899757,45.17566441803443,0.41335362167446454,15.161217767686512,6.190336608166325,21.256776089229728,29.741508687204362,33.53309944611196,44.20545420923783,45.16596231594645
23,2,14.415641574784958,11.341971114544949,52.49112016939861,0.41335362167446454,12.539837118350992,5.1940785572082895,20.328724381980695,28.64631533499118,33.86310484897188,47.936336642433545,52.445572334128904
23,3,13.919193051910177,11.559262883156226,56.138117178955945,0.5732379381000555,9.620399371780671,5.6202069780736,19.78140421433885,29.535061521761687,35.55228220784416,46.95115981756836,56.046247605341954
23,4,14.00331625234728,11.950216308720341,58.593729754586484,0.2761754767247675,11.451000683571042,4.472631614996706,19.099435518327976,27.76465651844031,37.06678549886024,50.0342354666669,58.50813481170718
23,5,14.081661803569157,11.969829665460374,60.284596544461785,1.167101948327459,11.9447070917286,4.343637037245362,18.15455653910572,27.821386748874072,35.55880924689915,52.05558702901057,60.202306449307166
23,6,13.383495308890051,10.699758871579625,50.95870360025187,1.2294828460143854,11.950975420157015,4.8381705288864545,18.08913119923948,25.520080971880066,33.924105054641906,43.70403863571209,50.886156950606384
23,7,12.98146719150202,10.766922507699801,53.18357883407027,0.9000029455237625,10.947729978695032,4.243103169357277,19.1817390590954,27.295604589125674,30.639245110287412,44.761033602472466,53.099353381754185
23,8,12.850684376264391,10.784219130630076,55.50638138281193,0.9017108056718736,10.509399650536404,4.348442510576429,18.47528136001891,27.98500227708818,29.588596466861176,45.889543742292666,55.410213006406615
23,9,13.055959698886051,10.867667271368902,56.74540669543833,0.7971527601158775,9.939449951336398,4.687981653364401,19.00075199741831,26.93693599760663,31.01740908928949,46.47908486713334,56.64274347715514
23,10,13.138330557575227,10.691432389176189,57.78830739528612,1.2525140578733442,10.710734616293971,5.165087694627582,19.080886087242757,25.213360544438878,30.22364984970755,47.25315716215021,57.682955892954624
23,11,13.250441174054508,10.754956796031738,57.28296889800661,1.1690120729867028,11.193577393604349,5.239704805442913,18.3134196009904,25.870428674537628,31.585467116351726,46.90200339161774,57.17915924294258
23,12,13.13677762340842,10.70660455785743,56.92541266589306,1.0370219932636842,10.969826822837067,5.092560651901225,18.5810650602254,25.40496983029061,31.652869534830074,46.650428539161624,56.82266282462562
23,13,13.229885286632818,10.716122220839134,56.66887568190226,1.4054599242638095,10.567707312916777,4.966068139836214,18.627080043421227,25.38578160101614,32.49608789680633,46.52309067561587,56.567417831839265
23,14,13.360078983639067,10.808196768767734,56.483025314434244,1.2121146541695718,10.74048123133157,5.413867338437172,19.13769584889362,26.129648614232153,32.85521701073338,46.39819939541449,56.382177055243915
23,15,13.416729676295517,10.858313409785438,56.01929643501241,1.374765493639781,10.583609245880995,5.347622293552618,19.325581005077503,25.664429861792645,33.90194791743277,46.352365765078474,55.922627128312946
23,16,13.379760669863776,10.901236407051073,55.64380981593563,1.3143355500596992,10.507424173981107,5.631188021884322,19.587154408447603,25.71205924128226,34.23639604367944,45.85531808364379,55.54592489861259
23,17,13.127403820459813,10.831436853701394,56.41834920910141,1.174543934160634,9.990513883252998,5.109288509477311,18.625660961248002,25.107855141277717,32.139416224273795,46.177854121796315,56.31594425822822
23,18,12.98394942492362,10.8019543508296,57.374228446380286,1.1111307123685916,10.11198116527534,5.06107460157522,18.965450080844448,24.1754835178106,31.51225459546884,46.601210698806234,57.26649826890441
23,19,13.034579538307986,10.909075150599415,58.229620931510595,1.1624763606951165,10.058919480949205,4.702788390292421,19.33977960945718,24.490654838753137,31.50989863532046,46.980299906866705,58.11712772126401
23,20,13.046061782076954,10.948511682969597,58.99957618348659,1.162928889816101,10.532271075535856,4.622758072819745,19.624037946201483,24.488729316602544,31.21850698589556,47.321719074456816,58.88279761239614
23,21,12.950362785387378,10.760764069338258,56.841790718857496,1.0923661964841676,10.87628138981458,4.018572946943134,19.101073738501974,24.574160557694704,31.127172071989943,46.17502609726866,56.73512307264147
23,22,12.81459069225693,10.579871987216274,55.10610780649508,1.0149775366006244,10.45383738916765,3.9897754759614608,19.07605777803106,24.63742148429245,31.000978962222717,45.2901029944662,55.00794775837467
23,23,12.838674336274387,10.443494970091487,53.39360335888004,0.9536454198540733,10.011857854941404,4.183435928571634,19.193376621766586,24.940815628347863,30.622583488456844,44.448996214784,53.30415728743897
23,24,12.797774944439347,10.438935226188926,53.996836787179085,0.7712649211099547,9.617479559704137,4.491196059681005,19.178092334113227,24.510376174852606,30.570989472674786,44.78699144014425,53.904738333708615
23,25,12.742578612515382,10.490183157572416,54.5520034280357,0.939387893930242,9.480674423225082,4.993578666275716,18.901085310343284,24.665041615040522,30.711587861285707,45.066860698768195,54.4571520007429
23,26,12.786494984348362,10.544269486462793,55.14861285607713,0.7950033226757202,10.009605027636491,5.108434391091764,18.154120735746407,24.762424346673768,30.949393091390604,45.476667739868915,55.05189340491492
23,27,12.736937243137389,10.621947844391828,55.70180670582365,0.7820894589252491,9.749042012893826,5.247858121046825,17.896032074122694,25.171557217343437,31.29263614090361,45.712296898049246,55.60191160774578
23,28,12.772409022080247,10.5140202270995,53.69776125190099,1.143609653206159,10.214856695740433,5.060043759942282,18.253001446257226,25.595981052296644,31.8086152431667,44.69460238712347,53.6077296632531
23,29,12.804975106405271,10.448451326479352,52.286271149463154,0.9782759407393915,9.996179891053833,5.0989134021196385,18.445176738372602,26.000914109011692,32.60867905669349,43.980556535536216,52.20321400332378
24,1,15.160670716311579,10.400055692257203,45.17566441803443,0.41335362167446454,15.161217767686512,6.190336608166325,21.256776089229728,29.405443709853177,30.631962554965316,40.372355168426985,45.127631325538296
24,2,13.588788544729915,9.919583017952325,45.17566441803443,0.41335362167446454,12.539837118350992,5.1940785572082895,19.751334476894886,25.9748604612719,29.00778395007679,40.772988741604,45.13163766127007
24,3,13.292034955778586,10.363190400617096,47.75898630246239,0.5732379381000555,10.15763183283872,5.372008018424806,19.78140421433885,26.57937523242675,31.87461243158006,42.411162236101255,47.70550806179871
24,4,13.442125010407999,10.801648394937233,50.29643716063002,0.2761754767247675,11.5306159750616,4.472631614996706,17.49061156078166,27.5608537268857,33.062823996038084,43.89842092029357,50.232456998226574
24,5,13.425078103897288,10.972824751459262,54.46330370375322,1.167101948327459,10.502098050643712,4.343637037245362,18.15455653910572,26.072818732003377,33.70071995696115,45.6055790513154,54.374726457228725
24,6,13.251514778809486,11.172050324443157,56.138117178955945,1.2294828460143854,10.930171536821911,4.637494799211692,18.08913119923948,25.520080971880066,34.41846412511696,46.34553956085115,56.040191402774774
24,7,12.886502387229315,10.993181393207827,57.4948001224215,0.9000029455237625,10.252905228781323,4.24836492952693,19.1817390590954,25.921472138223017,29.66605248946744,46.95975645953159,57.389449685792464
24,8,12.814493243607433,10.885137788142318,58.617113163018686,0.9017108056718736,9.974341805600632,4.474605919620581,18.532328362244023,25.76056410464364,29.057316709475835,47.4760169501981,58.50570220089034
24,9,12.702253853154575,10.248157434825984,52.662414981560325,0.7971527601158775,10.13273297155151,4.666228845884443,19.00075199741831,24.885701965042927,29.48606130980519,44.396759093055564,52.57975842267517
24,10,12.804320904354121,9.910917908490484,47.985399494143934,1.2525140578733442,10.38056433946802,4.930004196141308,19.080886087242757,24.737133968884088,30.524933606841177,42.25367413256772,47.9280822405281
24,11,12.886359764893461,9.990011687373329,49.57509405525358,1.1690120729867028,10.619822475555326,5.032305313712063,18.3134196009904,24.90700372736447,30.169464925815163,42.97098722181371,49.509052986919095
24,12,12.904426499490286,10.17749343458107,51.58449377154095,1.0370219932636842,10.498427585313108,5.092560651901225,18.5810650602254,24.887676759270576,30.993085319849147,43.92655990304206,51.50791443285586
24,13,12.945599589043873,10.234900600951129,52.61817607713513,1.4054599242638095,10.072312041748969,4.9303077955970265,18.627080043421227,24.568295343279292,30.792844022972123,44.45723387718464,52.53656665513552
24,14,13.101441296954143,10.286893903148032,53.54536090597578,1.2121146541695718,10.74048123133157,5.4540937679811385,19.13769584889362,23.282424103601144,31.36815391967142,44.89999054710067,53.45890720238691
24,15,13.12774665796047,10.130605202171257,50.37513104396601,1.374765493639781,10.583609245880995,5.364120066149999,19.325581005077503,24.384055098288908,31.580121206339207,43.47384141564482,50.3061181476827
24,16,13.159439791367026,10.305661845041024,51.38411708659998,1.3143355500596992,10.507424173981107,5.378702450642416,19.587154408447603,25.555537428772826,30.790508780088775,43.682874791682615,51.307104663650705
24,17,13.03976890737071,10.39628262813167,52.295377302449204,1.1967584897633587,9.990513883252998,5.083847671170888,18.625660961248002,25.662569664268066,30.630616078120237,44.075138449403696,52.21317491391864
24,18,12.926676646610716,10.431444028926027,52.253934131459786,1.1111307123685916,10.11198116527534,5.06107460157522,18.831155114407125,24.1754835178106,32.06283315351189,43.98986059819679,52.17129339612705
24,19,12.98681649921695,10.588878847733712,52.24821268877112,1.054454238454577,10.058919480949205,4.702788390292421,19.22635332765217,24.490654838753137,33.66758458078066,43.92978170306958,52.165028378913995
24,20,12.985962656372239,10.50422100150363,52.26839673697326,1.162928889816101,10.532271075535856,4.63159822870511,19.556231439629673,24.485329249567272,33.18167055322155,43.88881755673503,52.18460094517077
24,21,12.977874524025227,10.62060333872473,52.307316187400694,1.0923661964841676,10.929724305825978,4.089222652776602,19.808191215122523,24.179799221543952,34.66346588050487,43.86244408622571,52.222867466388834
24,22,12.834206187048283,10.551497738351676,52.35969008474169,1.0149775366006244,10.45383738916765,4.11224130621226,19.077774292604026,24.25991744471195,33.987957790477786,43.889429956371984,52.274987483457885
24,23,12.866857361110233,10.4706322961308,52.20042653022914,0.9536454198540733,10.011857854941404,4.273824317683623,18.9841614072779,24.335882132898742,33.45857039185137,43.84047603217205,52.11682702524846
24,24,12.828508462385406,10.40452977037172,52.071532688339694,0.7712649211099547,9.617479559704137,4.438216941742129,19.115040628724927,24.510376174852606,32.95401467453155,43.805086349736165,51.98886822495355
24,25,12.74327179767264,10.325239590561258,51.92638630413845,0.939387893930242,9.407527591582348,4.574342654239045,18.65717226898091,24.665041615040522,32.57109632032734,43.595577319292474,51.84307821428988
24,26,12.746737678929549,10.399612046094346,52.5718033070842,0.7950033226757202,9.78334193750512,4.726745946903073,18.869136516261694,24.76755680832197,32.100651036638034,44.16249486988252,52.487710222712074
24,27,12.688887589388106,10.4349897037623,53.352180852394326,0.7820894589252491,9.624959705942882,4.6892120750878785,18.631983666090278,25.03932897698234,32.02098700249001,44.41829763108811,53.26284202018115
24,28,12.692708712482144,10.472535433157995,54.076820745374484,1.143609653206159,9.673858396252024,4.906042051145444,18.23884237197828,25.084546773118788,31.876160631820092,44.656269941100625,53.98261523733162
24,29,12.695499074954137,10.501779720385935,54.751488466039746,0.9782759407393915,9.830119529645795,4.961041402444198,18.015720227483122,25.32539760637807,31.75324965434785,44.87822108059584,54.65275579218518
25,1,15.160670716311579,10.400055692257203,45.17566441803443,0.41335362167446454,15.161217767686512,6.190336608166325,21.256776089229728,29.405443709853177,30.631962554965316,40.372355168426985,45.127631325538296
25,2,13.706603702020779,10.022240442781838,45.17566441803443,0.41335362167446454,12.539837118350992,5.1940785572082895,19.751334476894886,27.2315072941792,29.362373701391665,40.772988741604,45.13163766127007
25,3,13.191935044102642,10.4131818027327,47.75898630246239,0.5732379381000555,10.25957706917442,5.372008018424806,17.261130128339182,27.621630041405922,31.894006288991115,42.411162236101255,47.70550806179871
25,4,13.287981002594961,10.657889995200687,50.29643716063002,0.2761754767247675,11.514699207685737,4.472631614996706,17.49061156078166,26.12548179461166,33.48007484275286,43.89842092029357,50.232456998226574
25,5,13.356568533388348,10.866539663172714,54.46330370375322,1.167101948327459,10.445311654033562,4.343637037245362,18.15455653910572,26.072818732003377,32.21036237745905,45.6055790513154,54.374726457228725
25,6,13.084699854377504,10.838762812686575,56.138117178955945,1.2294828460143854,11.003752427062587,4.637494799211692,18.08913119923948,25.520080971880066,30.626813260384992,46.34553956085115,56.040191402774774
25,7,12.777969328636559,10.830606843293518,57.4948001224215,0.9000029455237625,10.813989320542717,3.8867359254712475,19.1817390590954,25.858253770586405,28.743590381069488,46.95975645953159,57.389449685792464
25,8,12.737501781358782,10.761482173373958,58.617113163018686,0.9017108056718736,10.240605442463039,4.247088113373132,18.317905405802946,24.56693863052767,29.053714439338517,47.4760169501981,58.50570220089034
25,9,12.715957726618251,10.212309540713989,52.662414981560325,0.7971527601158775,9.951352630894121,4.6927089250202805,19.00075199741831,23.934840181091467,29.48606130980519,44.396759093055564,52.57975842267517
25,10,12.799917490747136,9.800872425281026,47.985399494143934,1.2525140578733442,10.795655554754875,4.815138536926451,19.080886087242757,24.42045116751049,29.46460202116096,42.25367413256772,47.9280822405281
25,11,12.83723700929622,9.918269675258566,49.57509405525358,1.1690120729867028,10.764455735520642,4.936721499877059,18.274251841483995,25.28909814834411,30.169464925815163,42.97098722181371,49.509052986919095
25,12,12.769480759110241,10.014577412077443,51.58449377154095,1.0370219932636842,10.438462143304378,4.937657617622822,18.124793356302966,23.739647195801464,30.358834906267255,43.92655990304206,51.50791443285586
25,13,12.898971873474043,10.156345093899233,52.61817607713513,1.4054599242638095,10.072312041748969,4.9540423399093285,18.32428041199513,24.122333865958794,30.792844022972123,44.45723387718464,52.53656665513552
25,14,13.069842024604053,10.257182193010543,53.54536090597578,1.2121146541695718,10.72486666186396,5.252188374911863,19.13769584889362,23.360979272537136,31.36815391967142,44.89999054710067,53.45890720238691
25,15,13.095583804779316,10.09109420651062,50.37513104396601,1.374765493639781,10.583609245880995,5.154551266916098,19.325581005077503,24.01082607679086,31.580121206339207,43.47384141564482,50.3061181476827
25,16,12.961712256643581,9.941685586607532,49.14279084978665,1.3143355500596992,10.507424173981107,5.421536699953222,19.351044324171074,22.938532247721152,30.790508780088775,42.53979841090782,49.07676092539778
25,17,12.851515940829612,9.991224511993058,50.11788237501212,1.1967584897633587,10.095296195375026,4.95807354028638,18.475531190262608,23.592067601841965,29.602067969899856,42.96461603641079,50.046349711626014
25,18,12.766867729499541,10.072859475489668,51.01021407683891,1.1111307123685916,10.11198116527534,5.054751543375099,18.721790588184707,23.200584930752743,29.398588502458562,43.35556337034015,50.933667569773824
25,19,12.937569805239809,10.312540991419418,52.192583420839185,1.054454238454577,10.270889242178754,4.702788390292421,19.109040254574598,24.490654838753137,29.804808799337795,43.9014107764243,52.109671694394926
25,20,12.930334378427185,10.275643790490056,52.130338236021785,1.162928889816101,10.980727490719296,4.63159822870511,19.45811305082243,24.482984573518987,29.638639285986176,43.81840772124978,52.04721893087396
25,21,12.845555484677218,10.338330276611073,53.16946470374394,1.0923661964841676,10.962372851034328,4.042819621579894,19.77436591349879,24.16242896902014,29.87497465543332,44.30213982956076,53.08079145500199
25,22,12.740139506255476,10.323782138719853,53.10597657471702,1.0149775366006244,10.744296902881704,4.095514023165462,19.894904543124163,23.85103645136047,30.021749639968764,44.270036066259394,53.01761716963233
25,23,12.829303255905277,10.304329006188745,53.068254256024524,0.9536454198540733,10.386025791541794,4.202120727486735,19.74009718065379,23.639817702750484,29.976516909083074,44.28306817232769,52.98040239518744
25,24,12.857532498570942,10.430139156124463,53.95745438671419,0.7712649211099547,10.177560950255206,4.440327036761667,18.967556102314532,24.510376174852606,30.580412911201183,44.76690641590715,53.865548907006
25,25,12.84923541345991,10.475339702727396,53.909799211760344,0.939387893930242,9.91800135341489,4.5743789709384615,19.563801439524678,24.665041615040522,31.599911769739283,44.60711790217964,53.81677239866442
25,26,12.876109458331346,10.538141026156351,53.878561649231465,0.7950033226757202,10.417500645176435,4.724881212483038,19.482571125002085,24.76755680832197,32.15824864420545,44.82894162437763,53.788065448982806
25,27,12.818181644402214,10.555343596182269,53.669109693709174,0.7820894589252491,10.129859276078232,4.685609076900856,18.94105863396396,25.03932897698234,32.90727342864574,44.57993134015868,53.57821791017355
25,28,12.785027106315907,10.497180776671474,53.487941043059784,1.1436096523090804,9.73057004125274,4.878640428290922,18.754741554195938,25.084546773118788,32.45754664708515,44.35594129292013,53.39662104555827
25,29,12.753863681682803,10.42521690830657,53.29472514225909,0.9782759407393915,9.830119529645795,4.961041402444198,18.642733999620695,25.32539760637807,32.03990345429696,44.13527178546771,53.203130608691055
26,1,14.939490714143771,10.201901782456812,45.17566441803443,0.41335362167446454,15.161217767686512,6.190336608166325,21.11535597091921,29.355494837620927,30.631962554965316,40.372355168426985,45.127631325538296
26,2,14.094620997253367,10.163467758455123,45.17566441803443,0.41335362167446454,13.757643800241274,5.1940785572082895,21.074813487970346,27.2315072941792,29.362373701391665,40.772988741604,45.13163766127007
26,3,13.278977647376069,10.298784050306965,45.17566441803443,0.5732379381000555,11.2669352409876,4.9181103706144755,19.109598254589045,27.621630041405922,31.894006288991115,41.093668075043,45.13484445460446
26,4,13.109193171819088,10.352601726862936,46.176958832552664,0.2761754767247675,10.48470873562534,4.358255946726194,17.236982357588893,26.12548179461166,33.48007484275286,41.79748697297413,46.13316411395682
26,5,13.167192528968174,10.221911189738032,47.61079643157139,1.167101948327459,10.45919513050048,4.343637037245362,17.663678964898935,26.072818732003377,32.21036237745905,42.11080034250268,47.555796470680626
26,6,13.022062197873058,10.427423995071935,51.026891990372526,1.2294828460143854,10.98091191151517,4.637494799211692,18.08913119923948,25.520080971880066,30.626813260384992,43.738814714673616,50.954011217615445
26,7,12.655267089512716,10.475759532591448,52.61282490216267,0.9000029455237625,11.1787886200196,3.743350746684877,18.99894352019114,25.858253770586405,28.743590381069488,44.469949097199596,52.53139614411293
26,8,12.481701218302298,10.463566222642383,54.02054414636679,0.9017108056718736,10.008970165050659,4.033479400238498,18.055934823835994,25.62212419999367,29.053714439338517,45.13176675170565,53.931656372420065
26,9,12.642538573210887,10.528231974410582,55.250977452542045,0.7971527601158775,9.699198806089651,4.666228845884443,18.283516851548846,24.958180881069296,29.48606130980519,45.716925953256236,55.15563693754906
26,10,12.682933982725745,10.080105458495716,50.37191638796947,1.2525140578733442,10.682368040019842,5.048125266268907,18.77848405331527,24.737133968884088,29.75509740690516,43.47079774841873,50.30290520157387
26,11,12.606107476271575,9.731536536540128,46.451067855619044,1.1690120729867028,10.619822475555326,4.926428745753836,18.204719205983768,24.039646542688924,30.169464925815163,41.3777338600001,46.40033451566279
26,12,12.537834426094653,9.678746721659943,46.09583518590068,1.0370219932636842,10.262312398249072,4.655113275131722,18.124793356302966,23.712140227054455,30.358834906267255,41.127344024365534,46.04615027428527
26,13,12.673521853852485,9.817659395130608,47.37632112946957,1.4054599242638095,10.072312041748969,4.641064347119302,17.40540426826399,23.5351548051223,30.792844022972123,41.783887853875214,47.32039679671355
26,14,12.814409309287212,9.957352616698376,49.51765967646602,1.2121146541695718,10.72486666186396,4.889153842814819,17.76372805638355,23.282424103601144,31.36815391967142,42.845862920050706,49.45094170890178
26,15,12.946063913840517,10.09659396668574,50.39788435886647,1.374765493639781,10.291950669669847,4.842427706020567,19.325581005077503,23.539621785712658,31.580121206339207,43.485445606244056,50.328759971340155
26,16,12.885536692081294,10.069731973644517,51.223467582266025,1.3143355500596992,10.507424173981107,4.807674743224835,19.459792015611196,22.938532247721152,30.790508780088775,43.6009435444723,51.14724234188799
26,17,12.748635375027414,9.857851055486107,48.66451425149157,1.1967584897633587,9.990513883252998,4.671996623800633,18.438375710441804,22.92496501881948,29.602067969899856,42.22339829341531,48.600103091910725
26,18,12.667313537076463,9.818485342727007,47.81004407026266,1.045564201780582,10.11198116527534,4.7063476340415455,17.612887860600186,23.200584930752743,29.398588502458562,41.723476666986265,47.74917839622982
26,19,12.70817540595872,9.935776910168656,48.65899369962668,1.054454238454577,10.058919480949205,4.518637642663557,17.947734321327474,23.45234026979911,29.60866364879644,42.099280018605924,48.59339656281639
26,20,12.708168998294363,10.018829409890264,50.1090266059127,1.162928889816101,10.532271075535856,4.3599874156412,17.891184195402463,23.556898326584786,29.638639285986176,42.78753878989415,50.035811727752424
26,21,12.74617270210033,10.093425443488377,50.81864920441614,1.0923661964841676,10.929724305825978,4.028528040494293,18.25413629080504,23.88386584453859,29.87497465543332,43.10322392490359,50.741494951620915
26,22,12.755293816953685,10.163795515301633,51.80837314461181,1.0149775366006244,10.45383738916765,4.776593370388621,18.65366538959129,23.618765548412096,30.021749639968764,43.60825831690574,51.72637199633464
26,23,12.853607726155344,10.227376272691986,51.70714148577579,0.9536454198540733,10.01954536236671,4.748268822031168,19.470549155437283,24.128320790226496,29.976516909083074,43.58890065950084,51.62595907751294
26,24,12.85637340859845,10.264797199212593,52.604195071034006,0.7712649211099547,9.712417665735206,4.6445327812389525,19.15021778854637,23.676523263421448,29.991000233896848,44.07674416491026,52.51892056197266
26,25,12.788607900587662,10.253555455311082,52.51747541962558,0.939387893930242,9.5809022171735,4.636362909576,19.326686023778432,23.70339462387313,30.349855481913416,43.89703276819091,52.43127099311113
26,26,12.754872742103652,10.20212555037277,52.45730665618436,0.7950033226757202,10.149730115807264,4.663793468845145,18.39505520310809,23.96976517342013,30.455640494975412,44.1041015779236,52.37377460540164
26,27,12.680241702187555,10.27940498088251,53.25172999955384,0.7820894589252491,9.735918796886423,4.690414197791926,18.78542797087551,23.999036099713344,30.60237993347837,44.36706769613946,53.16288337651958
26,28,12.740839029887873,10.324566937346404,53.19277901698036,1.1436096523090804,9.673858396252024,4.878640428290922,18.802282771173616,24.74168606776214,30.550161002812054,44.20540865961962,53.10290531340664
26,29,12.717649093203324,10.279798993534035,52.449314954684866,0.9782759407393915,9.830119529645795,4.961041402444198,18.627174635572317,25.32539760637807,30.787019709514798,43.70411258980486,52.36186293103595
27,1,14.340326226892127,10.222859119740235,45.17566441803443,0.41335362167446454,13.723556595850056,5.715151519403305,21.02133913309195,29.355494837620927,30.631962554965316,40.372355168426985,45.127631325538296
27,2,14.375557740662416,10.61223862049588,45.17566441803443,0.41335362167446454,13.757643800241274,5.1940785572082895,21.074813487970346,28.64478669859768,33.12100026375889,41.815601174948895,45.14206378560353
27,3,13.58903970901594,10.370685706936515,45.17566441803443,0.5732379381000555,11.2669352409876,5.6202069780736,21.318538031637523,27.621630041405922,31.894006288991115,41.093668075043,45.13484445460446
27,4,13.69305543370866,10.78551954992304,46.176958832552664,0.2761754767247675,11.700710655815522,4.358255946726194,17.49061156078166,27.664681242166655,36.39430684786368,41.79748697297413,46.13316411395682
27,5,13.718002179656072,11.064106790236648,47.61079643157139,1.167101948327459,10.618457555869805,4.343637037245362,18.15455653910572,27.784762121084015,35.55880924689915,45.66330277244306,47.59132149498008
27,6,13.291510530201395,10.947911487346593,51.026891990372526,1.2294828460143854,11.081832999933306,4.637494799211692,18.08913119923948,26.32796690139776,34.60619508727448,44.5969866215762,50.96259293668448
27,7,12.820064612220017,10.865056532808689,52.61282490216267,0.9000029455237625,10.201912856445531,3.743350746684877,19.1817390590954,27.28824188724871,31.929073573046665,44.469949097199596,52.53139614411293
27,8,12.687452441941918,10.847379667650817,54.02054414636679,0.9017108056718736,9.597292425427398,3.7357028942648975,18.532328362244023,26.765738212171147,30.54684422687127,45.13176675170565,53.931656372420065
27,9,12.702706198975608,10.839054395037598,55.250977452542045,0.7971527601158775,9.699198806089651,4.389102274455848,19.00075199741831,26.2568427086959,30.400964036518825,45.716925953256236,55.15563693754906
27,10,12.795971550346314,10.31287371593566,50.37191638796947,1.2525140578733442,10.682368040019842,5.009346757023773,19.080886087242757,25.27071734639755,31.194368958537694,43.47079774841873,50.30290520157387
27,11,12.870894948284795,10.124219742332768,46.451067855619044,1.1690120729867028,10.619822475555326,4.820746738814272,18.3134196009904,25.605666865331873,32.67085078054838,41.3777338600001,46.40033451566279
27,12,12.754569457213435,9.980717401487139,46.09583518590068,1.0370219932636842,10.266623542890242,4.655113275131722,18.5810650602254,24.887676759270576,32.00497007347625,41.127344024365534,46.04615027428527
27,13,12.744428242820375,9.74132656366194,43.25333616423089,1.4054599242638095,10.072312041748969,4.641064347119302,18.627080043421227,25.38578160101614,31.46318306676174,39.681165521603496,43.217614457804565
27,14,12.727059202549935,9.541130173173112,41.12131221437554,1.2121146541695718,10.72486666186396,4.889153842814819,19.13769584889362,24.79328552985517,31.36815391967142,38.56372571438458,41.0957363493756
27,15,12.749158100447339,9.473773735582446,39.31746667505972,1.374765493639781,10.291950669669847,4.842427706020567,19.325581005077503,24.56553246415732,31.580121206339207,37.83443258750263,39.30263633418413
27,16,12.749879810735674,9.482878375817984,40.60419770290066,1.3143355500596992,10.507424173981107,4.807674743224835,19.587154408447603,24.58373619609791,30.790508780088775,38.185115905995985,40.580006884931585
27,17,12.56881991931762,9.35005362072058,39.68843521975848,1.1967584897633587,10.010621270999861,4.671996623800633,18.438375710441804,23.945780700772264,29.602067969899856,37.645597987231454,39.66800684743318
27,18,12.577032535563841,9.456696678008962,40.4336255093942,0.8874958842098987,10.11198116527534,4.7063476340415455,17.612887860600186,24.146590823124075,29.398588502458562,37.96150320094336,40.40890428630966
27,19,12.621405662418317,9.601278724493184,41.17635567439187,1.054454238454577,10.058919480949205,4.518637642663557,17.947734321327474,24.490654838753137,30.43409295262429,38.28313462573619,41.14742346390528
27,20,12.717424143665976,9.74227782339274,43.03190683509555,1.162928889816101,10.532271075535856,4.3599874156412,17.891184195402463,24.64483560392177,30.531273781826272,39.178207706777414,42.99336984381232
27,21,12.674340234504921,9.775547430226606,43.104834001246914,1.0923661964841676,10.929724305825978,3.9983325683539674,18.25413629080504,24.711305396966882,30.720125380034517,39.16917817128729,43.06547744294727
27,22,12.63456171965006,9.785190944266708,43.913391797703014,1.0149775366006244,10.45383738916765,4.751659593626156,17.910059632175397,24.69688424710344,30.82856949707509,39.58181782998227,43.87007605802575
27,23,12.62611077645744,9.804969997219173,44.69191976860647,0.9536454198540733,10.011857854941404,5.111099279673137,18.065270671769863,24.925078613072163,30.619344624644857,40.0111375837445,44.64511194675779
27,24,12.631280798983262,9.732859229129774,43.20361658280764,0.7712649211099547,9.677557422467371,4.937563089689165,18.096570102214006,24.630687505036658,30.73265358497398,39.28244913591483,43.16440490833866
27,25,12.606625940628287,9.676870536295676,42.87511421019537,0.939387893930242,9.656067234288578,5.028575969550795,18.02308505482621,24.959937881763157,30.921079143719457,38.979428551381524,42.836157353607184
27,26,12.655792305076016,9.708440965966812,43.62822588432631,0.7950033226757202,10.115526855902672,4.883192823366137,18.057166255766035,24.76755680832197,30.69421269172296,39.60127038427602,43.587956329325756
27,27,12.547069842729684,9.843499108589446,44.84635768659002,0.7820894589252491,9.790659475007176,4.941478940179432,18.21800605904282,26.006751544555303,30.82741159414179,40.08032781652793,44.798697387889334
27,28,12.613053758159987,9.945090704370543,45.51779118216821,1.1436096523090804,9.673858396252024,4.892142019218398,18.253001446257226,25.80959538288605,31.78551870165201,40.29116486386544,45.46552491898512
27,29,12.607346516565544,9.961728020862493,46.412721508829605,0.9782759407393915,9.830119529645795,4.9767912062247035,18.445176738372602,26.039264362076736,31.404547755802007,40.62544993241869,46.35484879306542
28,1,15.61390100606484,12.857244825353307,70.68704684726833,0.41335362167446454,14.9857772629138,5.715151519403305,21.11535597091921,29.41578838498739,33.53309944611196,58.18646945694367,70.56204107336492
28,2,14.94197059460834,10.950108728605718,45.17566441803443,0.41335362167446454,14.088315325582581,5.1940785572082895,22.041941449269597,29.355494837620927,36.51160542776091,41.10741112601781,45.13498188511421
28,3,14.632736391202235,11.714285972645724,48.85814404836253,0.5732379381000555,11.699417404981267,4.9181103706144755,22.17184969397893,29.315178486405316,35.55228220784416,48.41088952956578,48.85367150317456
28,4,14.58255688886531,12.169844032821022,56.8048088214924,0.2761754767247675,13.914476833726171,4.358255946726194,20.620115968607564,27.664681242166655,37.06678549886024,52.12240597564599,56.75798479303388
28,5,14.333765138003766,11.200799121759061,47.34614679940925,1.167101948327459,13.490467190340041,4.343637037245362,20.10799257713633,27.784762121084015,35.55880924689915,46.118498246569736,47.33387031388084
28,6,14.073160687626144,11.393017308684692,49.47909086903856,1.2294828460143854,12.87945404395482,4.637494799211692,19.629732359527736,26.32796690139776,34.60619508727448,48.65095607641105,49.47080952111227
28,7,13.613781139898451,11.67377614857687,53.081238630066274,0.9000029455237625,12.138458180346284,3.8867359254712475,19.45240784943781,27.28824188724871,33.058056902139604,51.70648331670638,53.067491076932654
28,8,13.370831290893769,11.314611104263657,51.44461881530876,0.9017108056718736,11.271971512700922,4.0802706621957245,18.532328362244023,26.765738212171147,33.19192340679648,49.521999162937654,51.42539261878502
28,9,13.499417468367726,11.523487010022954,52.60264445601858,0.7971527601158775,10.319287875997173,4.666228845884443,19.00075199741831,26.2568427086959,33.91363313873375,51.67833819036353,52.593401393362015
28,10,13.43331319905624,11.279253086190096,53.686483346952876,1.2525140578733442,10.682368040019842,5.048125266268907,19.080886087242757,25.27071734639755,34.78535123698717,50.21857282295114,53.65180424171282
28,11,13.330202871855317,10.99523874205258,52.61172532207641,1.1690120729867028,10.587797111809067,5.057476178667759,18.3134196009904,25.605666865331873,35.05324213062535,48.04355194484316,52.56604358830402
28,12,13.182410676335826,10.799056778050609,51.5026056753746,1.0370219932636842,9.852834654387294,4.655113275131722,18.5810650602254,25.324992075115752,35.292813306368295,46.139104631059446,51.44897066493138
28,13,13.179740877754536,10.597163320178982,48.29991487113674,1.4054599242638095,10.072312041748969,4.641064347119302,18.627080043421227,25.38578160101614,35.569617262841334,44.98250139954212,48.26674073642075
28,14,13.219644716675594,10.404372032333239,45.593233563353,1.2121146541695718,10.72486666186396,5.20007532377395,19.13769584889362,24.842989428240273,35.87696444514614,43.16894403067002,45.56899066802614
28,15,13.203105196253407,10.403499601579062,45.6649043032942,1.374765493639781,10.291950669669847,5.062751394037695,19.325581005077503,24.968933871730844,36.08606806514199,42.899115635764296,45.637246416618865
28,16,13.120933030086906,10.284743083038133,43.53587593102379,1.3143355500596992,10.507424173981107,4.756868048089955,19.587154408447603,25.085529030464397,34.61730004107429,42.38517918838826,43.52436896359742
28,17,12.988905042909122,10.183420015485162,42.33475427890616,1.1967584897633587,9.990513883252998,4.671996623800633,18.438375710441804,24.674175809400293,33.31496263700605,42.12311654878684,42.33263790160496
28,18,12.871999612600057,9.986435056869253,40.47559218451736,1.1111307123685916,10.11198116527534,4.7063476340415455,17.612887860600186,25.02270203279728,33.20402295987716,40.27362368576934,40.47357249952988
28,19,12.863705443988785,9.994757621697952,40.93732444868628,1.054454238454577,10.058919480949205,4.518637642663557,17.947734321327474,24.490654838753137,33.536560996267355,39.51947933522013,40.9231459975516
28,20,12.866255566406792,9.976679574715575,41.62871606556657,1.162928889816101,10.532271075535856,4.3599874156412,17.859140202973904,24.52047223565597,33.84043421952213,38.98725080640855,41.60230141297496
28,21,12.784139212223435,9.889530279511305,40.97562224538984,1.0923661964841676,10.929724305825978,3.93074356531833,18.142651933744368,24.47815856976598,34.04619373253567,38.042299622640165,40.94628901916231
28,22,12.718735384141146,9.886537516035066,41.30508353705601,1.0149775366006244,10.45383738916765,4.680294679893494,17.59005297400766,24.692396135237914,33.83279200770925,37.95788870431222,41.271611588728526
28,23,12.713146063145905,9.834388186454143,41.679556412264226,0.9536454198540733,10.011857854941404,5.0897262474178655,17.75853782323116,24.96674702588533,33.39363182217165,38.00294427813018,41.64279029092284
28,24,12.702178032536105,9.98986715431204,43.3201245955756,0.7712649211099547,9.617479559704137,5.023794567852375,17.802072049495195,24.70997846285864,33.90692523638522,38.95143785064923,43.27643772812628
28,25,12.74150467947535,10.016428044960513,43.49235275785532,0.939387893930242,9.585373308430027,5.075071430330448,17.739897533719905,25.016452429033485,34.358415670782485,39.294220210688096,43.4503714323836
28,26,12.860241491489324,10.070207262161766,43.67182039754027,0.7950033226757202,10.131451197156048,4.975981358024124,17.837806872342718,24.995065657968272,34.726643035059716,39.69898560816973,43.632092049646516
28,27,12.818959297752127,10.097962079982144,44.14492725688262,0.7820894589252491,10.151612388494144,4.951818522617191,17.729396986414578,25.03932897698234,34.61027948574296,40.28270843069632,44.106305068620706
28,28,12.746252604039059,10.051921810381033,44.62638231382827,1.1436096523090804,9.675541824018733,4.892142019218398,17.97672440288313,25.084546773118788,34.308199039434705,40.10330957794281,44.58115158646936
28,29,12.805871276876898,10.0867688197995,45.56289653247203,0.9782759407393915,9.830119529645795,4.9767912062247035,18.29774993233498,26.042032113937946,34.028092853086285,40.36300537623053,45.510897620909546
29,1,15.61390100606484,12.857244825353307,70.68704684726833,0.41335362167446454,14.9857772629138,5.715151519403305,21.11535597091921,29.41578838498739,33.53309944611196,58.18646945694367,70.56204107336492
29,2,14.842226274426656,10.981684909873731,45.17566441803443,0.41335362167446454,13.757643800241274,5.1940785572082895,22.041941449269597,29.355494837620927,36.51160542776091,41.10741112601781,45.13498188511421
29,3,14.60993064108418,11.681477486014675,48.85814404836253,0.5732379381000555,11.699417404981267,5.6202069780736,22.17184969397893,29.315178486405316,35.55228220784416,48.41088952956578,48.85367150317456
29,4,14.600943083849026,12.211705956057383,56.8048088214924,0.2761754767247675,13.914476833726171,4.358255946726194,21.713286424386276,27.664681242166655,37.06678549886024,52.12240597564599,56.75798479303388
29,5,14.531955046485407,11.97194609684277,60.03521799873705,1.167101948327459,13.490467190340041,4.343637037245362,21.228573973503806,27.784762121084015,35.55880924689915,51.3593439296742,59.94845925804631
29,6,14.026794753114718,11.159807494523706,49.47909086903856,1.2294828460143854,12.87945404395482,4.637494799211692,20.54708393040401,26.450325204810817,34.60619508727448,46.196246064656115,49.44626242099469
29,7,13.638201963179254,11.393092144428794,53.081238630066274,0.9000029455237625,12.454391403543621,3.8867359254712475,20.35051041188236,27.28824188724871,33.058056902139604,48.35890728863526,53.0340153166519
29,8,13.620318356303079,11.657432815353248,55.90919624201685,0.9017108056718736,11.544460663093645,4.0802706621957245,20.12444008638419,26.765738212171147,33.19192340679648,51.00879341019189,55.86019221369853
29,9,13.60093769644221,11.309865199633382,50.71630513835523,0.7971527601158775,10.557683638585495,4.666228845884443,19.78308092491608,26.2568427086959,33.91363313873375,49.01752734021242,50.69931736037378
29,10,13.687849933724285,11.500683126157055,53.312448901548535,1.2525140578733442,10.29641028162253,5.048125266268907,19.58417032548197,25.67972174337491,34.78535123698717,50.99382732356668,53.28926268576868
29,11,13.705050312162392,11.288746990013795,49.83400860432319,1.1690120729867028,10.721516584234692,5.057476178667759,19.469358832545378,25.605666865331873,35.05324213062535,49.60747094216968,49.83174322770165
29,12,13.529473215178974,11.013763105838205,49.26945962296362,1.0370219932636842,10.45171950821111,4.655113275131722,20.004235624458037,25.324992075115752,35.292813306368295,47.725491931987506,49.254019946053845
29,13,13.463777771821567,10.734046198687109,48.58011945656615,1.4054599242638095,10.567707312916777,4.641064347119302,20.20938853668168,25.38578160101614,35.569617262841334,46.038269082359925,48.55470095282406
29,14,13.542891484852404,10.596752556440078,45.85545736667192,1.2121146541695718,10.74048123133157,5.20007532377395,19.430608267960366,24.842989428240273,35.87696444514614,44.99821173330802,45.84688491033827
29,15,13.493609967058287,10.553695196008006,45.911991559633975,1.374765493639781,10.583609245880995,5.062751394037695,19.325581005077503,24.968933871730844,36.08606806514199,44.540460217245105,45.89827624621007
29,16,13.396008659938706,10.400940276624514,46.020209423127724,1.3143355500596992,10.524121287416605,4.977556969832437,19.587154408447603,25.085529030464397,34.61730004107429,43.86576430541902,45.99866497195061
29,17,13.222801508040483,10.284827684692953,44.03045399700433,1.1967584897633587,10.250929458893427,4.967031662667475,18.438375710441804,24.674175809400293,33.31496263700605,43.77626563846056,44.027912113418886
29,18,13.163148421327028,10.26399712137754,44.30131387963115,1.1111307123685916,10.12024394487348,5.06107460157522,17.612887860600186,25.02270203279728,33.20402295987716,43.70441683248171,44.29534490915965
29,19,13.15965455932585,10.222404264858737,42.80413621911846,1.054454238454577,10.270889242178754,4.86273280167765,17.947734321327474,24.490654838753137,33.536560996267355,42.731378530342674,42.8034086422307
29,20,13.136089306639672,10.168338067723246,42.63903005713628,1.162928889816101,10.68733258696301,4.712089170651295,17.859140202973904,24.485329249567272,33.84043421952213,42.02207042000271,42.63286046076494
29,21,13.075314415061934,10.219408140168591,43.67359918131461,1.0923661964841676,10.929724305825978,4.869668727064839,18.142651933744368,24.421850772166092,34.04619373253567,41.99169986101253,43.65678018811156
29,22,13.06404237069382,10.382181723202715,44.64824633030489,1.0149775366006244,10.45383738916765,4.981013155122071,17.59005297400766,25.282725702987662,34.166980512985994,42.71894440814673,44.628953311083286
29,23,12.99524471333622,10.28862799697367,42.69185768891401,0.9536454198540733,10.011857854941404,5.184329430851612,17.75853782323116,25.21186354839311,33.99197707562661,41.93843747901368,42.684323486814996
29,24,12.856184871658762,10.23609428226699,41.57147982788435,0.7712649211099547,9.617479559704137,5.023794567852375,17.802072049495195,24.92969536908549,34.1072482777237,41.24536165153438,41.56821864612085
29,25,12.786331419265569,10.12799943211781,41.085291115588234,0.939387893930242,9.407527591582348,5.075071430330448,17.739897533719905,25.09611906328854,34.41391307497483,40.195807752073634,41.07639628195307
29,26,12.843766958140215,10.053020888931465,41.226352212852426,0.7950033226757202,10.08369337835605,4.975981358024124,17.837806872342718,24.995065657968272,34.726643035059716,39.67388475197096,41.21082753824359
29,27,12.762424340497137,9.97193383085998,41.42143901176903,0.7820894589252491,9.847803503182782,4.951818522617191,17.729396986414578,25.03932897698234,34.61027948574296,39.22793490395774,41.39950397069089
29,28,12.753810561517913,9.969802179313092,42.87655525064281,1.1436096523090804,9.801838327444209,4.892142019218398,17.97672440288313,25.084546773118788,34.308199039434705,39.49057764320039,42.842695474568345
29,29,12.832588774678106,10.028962103175136,43.09932305001759,0.9782759407393915,9.89623118660825,4.9767912062247035,18.29774993233498,26.042032113937946,34.028092853086285,39.9288069205709,43.06761788872308
